Workbook

Sheet Dashboard
A1: Stress Test Dashboard
A3: Use the test sheets to record actual behavior. This dashboard updates from Comparison Status entries.
A5: Metric | B5: Value | D5: TEST INVENTORY
A6: Total planned tests | B6: =COUNTA('Ranking Stress Tests'!$A$6:$A$125)+COUNTA('Validation Branch Tests'!$A$6:$A$65)+COUNTA('Evidence Mutation Tests'!$A$6:$A$40)+COUNTA('Session Flow Tests'!$A$6:$A$27) -> 237 | D6: Sheet | E6: Purpose | F6: Tests | G6: Expected field | H6: Editable fields
A7: Passed | B7: =COUNTIF('Ranking Stress Tests'!$AA$6:$AA$125,"Pass")+COUNTIF('Validation Branch Tests'!$N$6:$N$65,"Pass")+COUNTIF('Evidence Mutation Tests'!$M$6:$M$40,"Pass")+COUNTIF('Session Flow Tests'!$G$6:$G$27,"Pass") -> 0 | D7: Ranking Stress Tests | E7: All rank permutations | F7: 120 | G7: Expected Result | H7: Real Result, Status, Notes
A8: Failed | B8: =COUNTIF('Ranking Stress Tests'!$AA$6:$AA$125,"Fail")+COUNTIF('Validation Branch Tests'!$N$6:$N$65,"Fail")+COUNTIF('Evidence Mutation Tests'!$M$6:$M$40,"Fail")+COUNTIF('Session Flow Tests'!$G$6:$G$27,"Fail") -> 0 | D8: Validation Branch Tests | E8: Validate/skip branches | F8: 60 | G8: Expected Result | H8: Real Result, Status
A9: Blocked | B9: =COUNTIF('Ranking Stress Tests'!$AA$6:$AA$125,"Blocked")+COUNTIF('Validation Branch Tests'!$N$6:$N$65,"Blocked")+COUNTIF('Evidence Mutation Tests'!$M$6:$M$40,"Blocked")+COUNTIF('Session Flow Tests'!$G$6:$G$27,"Blocked") -> 0 | D9: Evidence Mutation Tests | E9: Metadata and text edits | F9: 35 | G9: Expected Result | H9: Real Result, Status
A10: Not Run | B10: =COUNTIF('Ranking Stress Tests'!$AA$6:$AA$125,"Not Run")+COUNTIF('Validation Branch Tests'!$N$6:$N$65,"Not Run")+COUNTIF('Evidence Mutation Tests'!$M$6:$M$40,"Not Run")+COUNTIF('Session Flow Tests'!$G$6:$G$27,"Not Run") -> 229 | D10: Session Flow Tests | E10: Randomness, UI, progress | F10: 22 | G10: Expected Result | H10: Real Result, Status, Notes
A13: Status | B13: Count
A14: Pass | B14: =B7 -> 0
A15: Fail | B15: =B8 -> 0
A16: Blocked | B16: =B9 -> 0
A17: Not Run | B17: =B10 -> 229
A18: Completion % | B18: =IF(B6=0,0,(B7+B8+B9)/B6) -> 0
A21: PASS CRITERION
A22: A row passes when the observed Unity behavior matches Expected Result, including answer type, scores, consequence, panel/button state, and session progress where applicable. Record defects with exact mission ID, rank order, path, and reproduction steps.

Sheet Test Guide
A1: CiteGuard VR Stress Test Evaluation
A3: Unity 6 (6000.3.21f1 LTS) | Meta Quest 3S target | Version 1 scripted RAG workflow
A5: HOW TO USE THIS WORKBOOK
A6: Step | B6: Action | C6: Instruction
A7: 1 | B7: Choose a test | C7: Start with Ranking Stress Tests for normal gameplay, then use the branch, mutation, and session sheets.
A8: 2 | B8: Identify evidence by role | C8: K1 is idealRank 1, K2 is idealRank 2, and D1/D2 are idealRank 0 distractors. Displayed Evidence A-D letters shuffle, so use the evidence ID/text.
A9: 3 | B9: Arrange the ranks | C9: Drag the four cards into Rank 1 through Rank 4 exactly as shown in the selected row.
A10: 4 | B10: Run the path | C10: Use Validate or Provide Answer/skip validation according to the test row.
A11: 5 | B11: Record behavior | C11: Enter what Unity actually showed in the yellow Real Result cell.
A12: 6 | B12: Compare | C12: Set Comparison Status to Pass, Fail, Blocked, or Not Run. Add reproducible details in Notes.
A14: EXPECTED SCORING RULES
A16: Rule | B16: Expected behavior | D16: Important limitation under test: Version 1 evaluates evidence metadata (idealRank), not the semantic meaning of the text. Changing evidence wording alone should not change the computed answer quality. The mutation sheet intentionally tests this behavior. Expected Result contains the specification. Real Result is intentionally blank for your Unity observation.
A17: Grounded | B17: K1 and K2 are both in Rank 1 or Rank 2.
A18: Partial | B18: Exactly one of K1 or K2 is in Rank 1 or Rank 2.
A19: Risky | B19: Neither K1 nor K2 is in Rank 1 or Rank 2.
A20: Retrieval Quality | B20: 100 / 50 / 0 for Grounded / Partial / Risky.
A21: Ranking Quality | B21: K1: max(0, 50 - |rank-1| x 15) plus K2: max(0, 50 - |rank-2| x 15).
A22: Final Trust | B22: Round((Retrieval + Ranking + Grounding + Citation + (100 - Hallucination Risk)) / 5).
A23: Send to LLM | B23: Disabled until all four ranking slots are filled.

Sheet Mission Evidence Map
A1: Mission & Evidence Map
A3: Stable evidence IDs are the source of truth; displayed A-D labels can change after shuffling.
A5: Mission ID | B5: Mission Title | C5: Crew Query | D5: K1 ID (idealRank 1) | E5: K1 Text | F5: K2 ID (idealRank 2) | G5: K2 Text | H5: D1 ID (idealRank 0) | I5: D1 Text | J5: D2 ID (idealRank 0) | K5: D2 Text | L5: Grounded Variants | M5: Partial Variants | N5: Risky Variants | O5: Success / Delayed / Failure | P5: Notes
A6: solar_shield | B6: Solar Shield Battery Check | C6: Can we activate the solar shield during low battery mode? | D6: shield_power_requirement | E6: The solar shield requires the battery level to be above 40%. | F6: low_battery_threshold | G6: Low battery mode begins when the battery level falls below 25%. | H6: oxygen_backup_power | I6: The oxygen system uses backup power during low battery mode. | J6: radiation_protection | K6: The solar shield protects the ship during radiation storms. | L6: 1) No. Low battery mode means the battery is below 25%, while the solar shield requires above 40%. The shield should remain offline. Supported by {KEY1} and {KEY2}. 2) The solar shield should not be activated. It requires more than 40% battery, but low battery mode begins below 25%. Supported by {KEY1} and {KEY2}. | M6: 1) Activation may be unsafe because the available evidence indicates a battery restriction, but the full threshold comparison is missing. 2) The ranked evidence provides only partial support, so the crew should not make the shield decision yet. | N6: 1) Yes. The solar shield can be activated because low battery mode uses backup power. 2) The shield should work during low battery mode because radiation protection is always required. | O6: SUCCESS: The shield remains offline. Battery power is preserved for essential systems. DELAYED: The crew pauses the decision while battery reserves continue to fall. FAILURE: The shield overloads the low-battery system and causes a shipwide power emergency.
A7: cargo_bay | B7: Cargo Bay Safety Check | C7: Can we open the exterior cargo bay while the ship is moving at cruise speed? | D7: cargo_speed_requirement | E7: Exterior cargo bay doors may open only when the ship speed is zero. | F7: cruise_speed_status | G7: Cruise mode keeps the ship moving above 5,000 kilometers per hour. | H7: cargo_contents | I7: The cargo bay stores repair drones and spare equipment. | J7: docking_clamps | K7: Docking clamps engage automatically near a space station. | L7: 1) No. The cargo bay doors may open only when ship speed is zero, while cruise mode keeps the ship moving above 5,000 kilometers per hour. Supported by {KEY1} and {KEY2}. 2) The exterior cargo bay must remain closed. Its doors require zero ship speed, which conflicts with the current cruise-speed condition. Supported by {KEY1} and {KEY2}. | M7: 1) Opening the cargo bay may be unsafe because the available evidence indicates a movement restriction, but the complete speed comparison is missing. 2) The ranked evidence is incomplete, so the crew should keep the cargo bay closed until the ship-speed requirement is confirmed. | N7: 1) Yes. The cargo bay can be opened because docking clamps will keep the ship stable. 2) The cargo bay may be opened during cruise because the repair drones can secure loose equipment. | O7: SUCCESS: The cargo bay remains sealed until the ship stops, preventing decompression and equipment loss. DELAYED: The crew pauses the cargo operation while confirming the ship-speed requirement. FAILURE: The cargo bay opens at cruise speed, causing rapid decompression and the loss of critical equipment.
A8: reactor_restart | B8: Reactor Coolant Check | C8: Should we restart the main reactor while the coolant temperature warning is active? | D8: reactor_restart_limit | E8: The reactor may restart only when coolant temperature is below 70 degrees Celsius. | F8: coolant_warning_threshold | G8: The coolant warning activates when temperature rises above 90 degrees Celsius. | H8: reactor_navigation_power | I8: The main reactor supplies power to navigation and propulsion. | J8: coolant_maintenance | K8: The coolant pumps passed inspection during the previous maintenance cycle. | L8: 1) No. The reactor may restart only below 70 degrees Celsius, while the warning means coolant temperature is above 90 degrees. Supported by {KEY1} and {KEY2}. 2) The reactor must remain offline. Its restart limit is below 70 degrees Celsius, but the active warning indicates a temperature above 90 degrees. Supported by {KEY1} and {KEY2}. | M8: 1) Restarting may be unsafe because the available evidence indicates a coolant restriction, but the complete temperature comparison is missing. 2) The selected evidence suggests delaying the restart, but it does not establish both the required and current temperature thresholds. | N8: 1) Yes. The reactor can be restarted because the coolant pumps passed their previous inspection. 2) The reactor should restart because navigation needs power, and the temperature warning can be monitored afterward. | O8: SUCCESS: The reactor remains offline while the coolant system lowers the temperature, preventing an overheat emergency. DELAYED: The crew postpones the restart while engineers verify the coolant temperature. FAILURE: The reactor restarts while overheated, triggering a reactor fire and an emergency power shutdown.
A9: eva_thrusters | B9: EVA Thruster Safety | C9: Can we fire the maneuvering thrusters while a technician is working outside the ship? | D9: thruster_eva_lockout | E9: Maneuvering thrusters must remain locked when EVA personnel are inside the thruster safety zone. | F9: technician_beacon | G9: The technician's suit beacon currently reports a position inside the thruster safety zone. | H9: spacesuit_oxygen | I9: The technician's spacesuit has 90 minutes of oxygen remaining. | J9: thruster_docking_use | K9: Maneuvering thrusters are normally used during docking operations. | L9: 1) No. Thrusters must remain locked when EVA personnel are inside the safety zone, and the technician's beacon confirms that condition. Supported by {KEY1} and {KEY2}. 2) The maneuvering thrusters should not be fired. The technician is currently inside the zone where EVA safety rules require a thruster lockout. Supported by {KEY1} and {KEY2}. | M9: 1) Firing the thrusters may be unsafe because the evidence indicates an EVA restriction, but the technician's current position is not fully confirmed. 2) The ranked evidence suggests keeping the thrusters locked, but additional location evidence is needed. | N9: 1) Yes. The technician has enough oxygen and can move away before the thrusters fire. 2) The thrusters can be fired because they are routinely used during docking and the suit beacon can track the technician. | O9: SUCCESS: The thrusters remain locked until the technician leaves the safety zone, preventing an EVA accident. DELAYED: The maneuver is postponed while the crew confirms the technician's location. FAILURE: The thruster blast pushes the technician away from the ship and damages critical spacesuit equipment.
A10: antenna_storm | B10: Antenna Debris Safety | C10: Can we extend the long-range antenna during the current micrometeor storm? | D10: antenna_debris_rule | E10: The long-range antenna must remain retracted whenever a debris alert is active. | F10: storm_debris_status | G10: The current micrometeor storm has triggered an active high-velocity debris alert. | H10: internal_communications | I10: Internal crew communication uses a separate short-range network. | J10: antenna_signal_strength | K10: The long-range antenna improves communication with distant stations. | L10: 1) No. The antenna must remain retracted during an active debris alert, and the current storm has triggered that alert. Supported by {KEY1} and {KEY2}. 2) The long-range antenna should not be extended. The micrometeor storm creates the exact debris condition that requires it to remain retracted. Supported by {KEY1} and {KEY2}. | M10: 1) Extending the antenna may be unsafe because the available evidence indicates a debris restriction, but the current alert status is not fully confirmed. 2) The ranked evidence suggests keeping the antenna retracted, but the storm condition requires additional confirmation. | N10: 1) Yes. The antenna should be extended because communication with distant stations is especially important during a storm. 2) The antenna can be extended because internal communications use a separate network if the long-range system is damaged. | O10: SUCCESS: The antenna remains protected until the storm passes, preserving long-range communications. DELAYED: The crew postpones external communication while checking the debris alert. FAILURE: High-velocity debris strikes the extended antenna, destroying the ship's long-range communication system.

Sheet Ranking Stress Tests
A1: Ranking Stress Tests
A3: All 120 possible rank orders. Follow the stable K1/K2/D1/D2 roles, then compare Unity with Expected Result.
A5: Test ID | B5: Mission ID | C5: Mission Title | D5: Crew Query | E5: Rank 1 Role | F5: Rank 1 Evidence | G5: Rank 2 Role | H5: Rank 2 Evidence | I5: Rank 3 Role | J5: Rank 3 Evidence | K5: Rank 4 Role | L5: Rank 4 Evidence | M5: K1 Rank | N5: K2 Rank | O5: Expected Answer Type | P5: Expected Retrieval % | Q5: Expected Ranking % | R5: Expected Grounding % | S5: Expected Citation % | T5: Expected Hallucination Risk % | U5: Expected Trust % | V5: Correct Validation Choice | W5: Expected Validated Outcome | X5: Expected Skipped Outcome | Y5: Expected Result | Z5: Real Result | AA5: Comparison Status | AB5: Notes
A6: R-solar_shield-01 | B6: solar_shield | C6: Solar Shield Battery Check | D6: Can we activate the solar shield during low battery mode? | E6: K1 | F6: shield_power_requirement: The solar shield requires the battery level to be above 40%. | G6: K2 | H6: low_battery_threshold: Low battery mode begins when the battery level falls below 25%. | I6: D1 | J6: oxygen_backup_power: The oxygen system uses backup power during low battery mode. | K6: D2 | L6: radiation_protection: The solar shield protects the ship during radiation storms. | M6: =IF(E6="K1",1,IF(G6="K1",2,IF(I6="K1",3,4))) -> 1 | N6: =IF(E6="K2",1,IF(G6="K2",2,IF(I6="K2",3,4))) -> 2 | O6: =IF(AND(M6<=2,N6<=2),"Grounded",IF(OR(M6<=2,N6<=2),"Partial","Risky")) -> Grounded | P6: =IF(O6="Grounded",100,IF(O6="Partial",50,0)) -> 100 | Q6: =MAX(0,50-ABS(M6-1)*15)+MAX(0,50-ABS(N6-2)*15) -> 100 | R6: =IF(O6="Grounded",100,IF(O6="Partial",60,10)) -> 100 | S6: =IF(O6="Grounded",100,IF(O6="Partial",50,0)) -> 100 | T6: =IF(O6="Grounded",0,IF(O6="Partial",40,90)) -> 0 | U6: =ROUND((P6+Q6+R6+S6+(100-T6))/5,0) -> 100 | V6: =O6 -> Grounded | W6: =IF(O6="Grounded","MISSION SUCCESS: The shield remains offline. Battery power is preserved for essential systems.",IF(O6="Partial","MISSION PROTECTED: Response held for more evidence; Try New Mission.","RISK BLOCKED: Unsupported action prevented; Try New Mission.")) -> MISSION SUCCESS: The shield remains offline. Battery power is preserved for essential systems. | X6: =IF(O6="Grounded","MISSION SUCCESS + PROCESS WARNING; trust 70. The shield remains offline. Battery power is preserved for essential systems.",IF(O6="Partial","MISSION DELAYED; trust 35. The crew pauses the decision while battery reserves continue to fall.","GAME OVER; trust 5. The shield overloads the low-battery system and causes a shipwide power emergency.")) -> MISSION SUCCESS + PROCESS WARNING; trust 70. The shield remains offline. Battery power is preserved for essential systems. | Y6: =O6&" answer | Retrieval "&P6&"% | Ranking "&Q6&"% | Grounding "&R6&"% | Citation "&S6&"% | Hallucination Risk "&T6&"% | Trust "&U6&"%" -> Grounded answer | Retrieval 100% | Ranking 100% | Grounding 100% | Citation 100% | Hallucination Risk 0% | Trust 100% | Z6: Success | AA6: Run
A7: R-solar_shield-02 | B7: solar_shield | C7: Solar Shield Battery Check | D7: Can we activate the solar shield during low battery mode? | E7: K1 | F7: shield_power_requirement: The solar shield requires the battery level to be above 40%. | G7: K2 | H7: low_battery_threshold: Low battery mode begins when the battery level falls below 25%. | I7: D2 | J7: radiation_protection: The solar shield protects the ship during radiation storms. | K7: D1 | L7: oxygen_backup_power: The oxygen system uses backup power during low battery mode. | M7: =IF(E7="K1",1,IF(G7="K1",2,IF(I7="K1",3,4))) -> 1 | N7: =IF(E7="K2",1,IF(G7="K2",2,IF(I7="K2",3,4))) -> 2 | O7: =IF(AND(M7<=2,N7<=2),"Grounded",IF(OR(M7<=2,N7<=2),"Partial","Risky")) -> Grounded | P7: =IF(O7="Grounded",100,IF(O7="Partial",50,0)) -> 100 | Q7: =MAX(0,50-ABS(M7-1)*15)+MAX(0,50-ABS(N7-2)*15) -> 100 | R7: =IF(O7="Grounded",100,IF(O7="Partial",60,10)) -> 100 | S7: =IF(O7="Grounded",100,IF(O7="Partial",50,0)) -> 100 | T7: =IF(O7="Grounded",0,IF(O7="Partial",40,90)) -> 0 | U7: =ROUND((P7+Q7+R7+S7+(100-T7))/5,0) -> 100 | V7: =O7 -> Grounded | W7: =IF(O7="Grounded","MISSION SUCCESS: The shield remains offline. Battery power is preserved for essential systems.",IF(O7="Partial","MISSION PROTECTED: Response held for more evidence; Try New Mission.","RISK BLOCKED: Unsupported action prevented; Try New Mission.")) -> MISSION SUCCESS: The shield remains offline. Battery power is preserved for essential systems. | X7: =IF(O7="Grounded","MISSION SUCCESS + PROCESS WARNING; trust 70. The shield remains offline. Battery power is preserved for essential systems.",IF(O7="Partial","MISSION DELAYED; trust 35. The crew pauses the decision while battery reserves continue to fall.","GAME OVER; trust 5. The shield overloads the low-battery system and causes a shipwide power emergency.")) -> MISSION SUCCESS + PROCESS WARNING; trust 70. The shield remains offline. Battery power is preserved for essential systems. | Y7: =O7&" answer | Retrieval "&P7&"% | Ranking "&Q7&"% | Grounding "&R7&"% | Citation "&S7&"% | Hallucination Risk "&T7&"% | Trust "&U7&"%" -> Grounded answer | Retrieval 100% | Ranking 100% | Grounding 100% | Citation 100% | Hallucination Risk 0% | Trust 100% | Z7: Success | AA7: Run
A8: R-solar_shield-03 | B8: solar_shield | C8: Solar Shield Battery Check | D8: Can we activate the solar shield during low battery mode? | E8: K1 | F8: shield_power_requirement: The solar shield requires the battery level to be above 40%. | G8: D1 | H8: oxygen_backup_power: The oxygen system uses backup power during low battery mode. | I8: K2 | J8: low_battery_threshold: Low battery mode begins when the battery level falls below 25%. | K8: D2 | L8: radiation_protection: The solar shield protects the ship during radiation storms. | M8: =IF(E8="K1",1,IF(G8="K1",2,IF(I8="K1",3,4))) -> 1 | N8: =IF(E8="K2",1,IF(G8="K2",2,IF(I8="K2",3,4))) -> 3 | O8: =IF(AND(M8<=2,N8<=2),"Grounded",IF(OR(M8<=2,N8<=2),"Partial","Risky")) -> Partial | P8: =IF(O8="Grounded",100,IF(O8="Partial",50,0)) -> 50 | Q8: =MAX(0,50-ABS(M8-1)*15)+MAX(0,50-ABS(N8-2)*15) -> 85 | R8: =IF(O8="Grounded",100,IF(O8="Partial",60,10)) -> 60 | S8: =IF(O8="Grounded",100,IF(O8="Partial",50,0)) -> 50 | T8: =IF(O8="Grounded",0,IF(O8="Partial",40,90)) -> 40 | U8: =ROUND((P8+Q8+R8+S8+(100-T8))/5,0) -> 61 | V8: =O8 -> Partial | W8: =IF(O8="Grounded","MISSION SUCCESS: The shield remains offline. Battery power is preserved for essential systems.",IF(O8="Partial","MISSION PROTECTED: Response held for more evidence; Try New Mission.","RISK BLOCKED: Unsupported action prevented; Try New Mission.")) -> MISSION PROTECTED: Response held for more evidence; Try New Mission. | X8: =IF(O8="Grounded","MISSION SUCCESS + PROCESS WARNING; trust 70. The shield remains offline. Battery power is preserved for essential systems.",IF(O8="Partial","MISSION DELAYED; trust 35. The crew pauses the decision while battery reserves continue to fall.","GAME OVER; trust 5. The shield overloads the low-battery system and causes a shipwide power emergency.")) -> MISSION DELAYED; trust 35. The crew pauses the decision while battery reserves continue to fall. | Y8: =O8&" answer | Retrieval "&P8&"% | Ranking "&Q8&"% | Grounding "&R8&"% | Citation "&S8&"% | Hallucination Risk "&T8&"% | Trust "&U8&"%" -> Partial answer | Retrieval 50% | Ranking 85% | Grounding 60% | Citation 50% | Hallucination Risk 40% | Trust 61% | AA8: Not Run
A9: R-solar_shield-04 | B9: solar_shield | C9: Solar Shield Battery Check | D9: Can we activate the solar shield during low battery mode? | E9: K1 | F9: shield_power_requirement: The solar shield requires the battery level to be above 40%. | G9: D1 | H9: oxygen_backup_power: The oxygen system uses backup power during low battery mode. | I9: D2 | J9: radiation_protection: The solar shield protects the ship during radiation storms. | K9: K2 | L9: low_battery_threshold: Low battery mode begins when the battery level falls below 25%. | M9: =IF(E9="K1",1,IF(G9="K1",2,IF(I9="K1",3,4))) -> 1 | N9: =IF(E9="K2",1,IF(G9="K2",2,IF(I9="K2",3,4))) -> 4 | O9: =IF(AND(M9<=2,N9<=2),"Grounded",IF(OR(M9<=2,N9<=2),"Partial","Risky")) -> Partial | P9: =IF(O9="Grounded",100,IF(O9="Partial",50,0)) -> 50 | Q9: =MAX(0,50-ABS(M9-1)*15)+MAX(0,50-ABS(N9-2)*15) -> 70 | R9: =IF(O9="Grounded",100,IF(O9="Partial",60,10)) -> 60 | S9: =IF(O9="Grounded",100,IF(O9="Partial",50,0)) -> 50 | T9: =IF(O9="Grounded",0,IF(O9="Partial",40,90)) -> 40 | U9: =ROUND((P9+Q9+R9+S9+(100-T9))/5,0) -> 58 | V9: =O9 -> Partial | W9: =IF(O9="Grounded","MISSION SUCCESS: The shield remains offline. Battery power is preserved for essential systems.",IF(O9="Partial","MISSION PROTECTED: Response held for more evidence; Try New Mission.","RISK BLOCKED: Unsupported action prevented; Try New Mission.")) -> MISSION PROTECTED: Response held for more evidence; Try New Mission. | X9: =IF(O9="Grounded","MISSION SUCCESS + PROCESS WARNING; trust 70. The shield remains offline. Battery power is preserved for essential systems.",IF(O9="Partial","MISSION DELAYED; trust 35. The crew pauses the decision while battery reserves continue to fall.","GAME OVER; trust 5. The shield overloads the low-battery system and causes a shipwide power emergency.")) -> MISSION DELAYED; trust 35. The crew pauses the decision while battery reserves continue to fall. | Y9: =O9&" answer | Retrieval "&P9&"% | Ranking "&Q9&"% | Grounding "&R9&"% | Citation "&S9&"% | Hallucination Risk "&T9&"% | Trust "&U9&"%" -> Partial answer | Retrieval 50% | Ranking 70% | Grounding 60% | Citation 50% | Hallucination Risk 40% | Trust 58% | AA9: Not Run
A10: R-solar_shield-05 | B10: solar_shield | C10: Solar Shield Battery Check | D10: Can we activate the solar shield during low battery mode? | E10: K1 | F10: shield_power_requirement: The solar shield requires the battery level to be above 40%. | G10: D2 | H10: radiation_protection: The solar shield protects the ship during radiation storms. | I10: K2 | J10: low_battery_threshold: Low battery mode begins when the battery level falls below 25%. | K10: D1 | L10: oxygen_backup_power: The oxygen system uses backup power during low battery mode. | M10: =IF(E10="K1",1,IF(G10="K1",2,IF(I10="K1",3,4))) -> 1 | N10: =IF(E10="K2",1,IF(G10="K2",2,IF(I10="K2",3,4))) -> 3 | O10: =IF(AND(M10<=2,N10<=2),"Grounded",IF(OR(M10<=2,N10<=2),"Partial","Risky")) -> Partial | P10: =IF(O10="Grounded",100,IF(O10="Partial",50,0)) -> 50 | Q10: =MAX(0,50-ABS(M10-1)*15)+MAX(0,50-ABS(N10-2)*15) -> 85 | R10: =IF(O10="Grounded",100,IF(O10="Partial",60,10)) -> 60 | S10: =IF(O10="Grounded",100,IF(O10="Partial",50,0)) -> 50 | T10: =IF(O10="Grounded",0,IF(O10="Partial",40,90)) -> 40 | U10: =ROUND((P10+Q10+R10+S10+(100-T10))/5,0) -> 61 | V10: =O10 -> Partial | W10: =IF(O10="Grounded","MISSION SUCCESS: The shield remains offline. Battery power is preserved for essential systems.",IF(O10="Partial","MISSION PROTECTED: Response held for more evidence; Try New Mission.","RISK BLOCKED: Unsupported action prevented; Try New Mission.")) -> MISSION PROTECTED: Response held for more evidence; Try New Mission. | X10: =IF(O10="Grounded","MISSION SUCCESS + PROCESS WARNING; trust 70. The shield remains offline. Battery power is preserved for essential systems.",IF(O10="Partial","MISSION DELAYED; trust 35. The crew pauses the decision while battery reserves continue to fall.","GAME OVER; trust 5. The shield overloads the low-battery system and causes a shipwide power emergency.")) -> MISSION DELAYED; trust 35. The crew pauses the decision while battery reserves continue to fall. | Y10: =O10&" answer | Retrieval "&P10&"% | Ranking "&Q10&"% | Grounding "&R10&"% | Citation "&S10&"% | Hallucination Risk "&T10&"% | Trust "&U10&"%" -> Partial answer | Retrieval 50% | Ranking 85% | Grounding 60% | Citation 50% | Hallucination Risk 40% | Trust 61% | AA10: Not Run
A11: R-solar_shield-06 | B11: solar_shield | C11: Solar Shield Battery Check | D11: Can we activate the solar shield during low battery mode? | E11: K1 | F11: shield_power_requirement: The solar shield requires the battery level to be above 40%. | G11: D2 | H11: radiation_protection: The solar shield protects the ship during radiation storms. | I11: D1 | J11: oxygen_backup_power: The oxygen system uses backup power during low battery mode. | K11: K2 | L11: low_battery_threshold: Low battery mode begins when the battery level falls below 25%. | M11: =IF(E11="K1",1,IF(G11="K1",2,IF(I11="K1",3,4))) -> 1 | N11: =IF(E11="K2",1,IF(G11="K2",2,IF(I11="K2",3,4))) -> 4 | O11: =IF(AND(M11<=2,N11<=2),"Grounded",IF(OR(M11<=2,N11<=2),"Partial","Risky")) -> Partial | P11: =IF(O11="Grounded",100,IF(O11="Partial",50,0)) -> 50 | Q11: =MAX(0,50-ABS(M11-1)*15)+MAX(0,50-ABS(N11-2)*15) -> 70 | R11: =IF(O11="Grounded",100,IF(O11="Partial",60,10)) -> 60 | S11: =IF(O11="Grounded",100,IF(O11="Partial",50,0)) -> 50 | T11: =IF(O11="Grounded",0,IF(O11="Partial",40,90)) -> 40 | U11: =ROUND((P11+Q11+R11+S11+(100-T11))/5,0) -> 58 | V11: =O11 -> Partial | W11: =IF(O11="Grounded","MISSION SUCCESS: The shield remains offline. Battery power is preserved for essential systems.",IF(O11="Partial","MISSION PROTECTED: Response held for more evidence; Try New Mission.","RISK BLOCKED: Unsupported action prevented; Try New Mission.")) -> MISSION PROTECTED: Response held for more evidence; Try New Mission. | X11: =IF(O11="Grounded","MISSION SUCCESS + PROCESS WARNING; trust 70. The shield remains offline. Battery power is preserved for essential systems.",IF(O11="Partial","MISSION DELAYED; trust 35. The crew pauses the decision while battery reserves continue to fall.","GAME OVER; trust 5. The shield overloads the low-battery system and causes a shipwide power emergency.")) -> MISSION DELAYED; trust 35. The crew pauses the decision while battery reserves continue to fall. | Y11: =O11&" answer | Retrieval "&P11&"% | Ranking "&Q11&"% | Grounding "&R11&"% | Citation "&S11&"% | Hallucination Risk "&T11&"% | Trust "&U11&"%" -> Partial answer | Retrieval 50% | Ranking 70% | Grounding 60% | Citation 50% | Hallucination Risk 40% | Trust 58% | AA11: Not Run
A12: R-solar_shield-07 | B12: solar_shield | C12: Solar Shield Battery Check | D12: Can we activate the solar shield during low battery mode? | E12: K2 | F12: low_battery_threshold: Low battery mode begins when the battery level falls below 25%. | G12: K1 | H12: shield_power_requirement: The solar shield requires the battery level to be above 40%. | I12: D1 | J12: oxygen_backup_power: The oxygen system uses backup power during low battery mode. | K12: D2 | L12: radiation_protection: The solar shield protects the ship during radiation storms. | M12: =IF(E12="K1",1,IF(G12="K1",2,IF(I12="K1",3,4))) -> 2 | N12: =IF(E12="K2",1,IF(G12="K2",2,IF(I12="K2",3,4))) -> 1 | O12: =IF(AND(M12<=2,N12<=2),"Grounded",IF(OR(M12<=2,N12<=2),"Partial","Risky")) -> Grounded | P12: =IF(O12="Grounded",100,IF(O12="Partial",50,0)) -> 100 | Q12: =MAX(0,50-ABS(M12-1)*15)+MAX(0,50-ABS(N12-2)*15) -> 70 | R12: =IF(O12="Grounded",100,IF(O12="Partial",60,10)) -> 100 | S12: =IF(O12="Grounded",100,IF(O12="Partial",50,0)) -> 100 | T12: =IF(O12="Grounded",0,IF(O12="Partial",40,90)) -> 0 | U12: =ROUND((P12+Q12+R12+S12+(100-T12))/5,0) -> 94 | V12: =O12 -> Grounded | W12: =IF(O12="Grounded","MISSION SUCCESS: The shield remains offline. Battery power is preserved for essential systems.",IF(O12="Partial","MISSION PROTECTED: Response held for more evidence; Try New Mission.","RISK BLOCKED: Unsupported action prevented; Try New Mission.")) -> MISSION SUCCESS: The shield remains offline. Battery power is preserved for essential systems. | X12: =IF(O12="Grounded","MISSION SUCCESS + PROCESS WARNING; trust 70. The shield remains offline. Battery power is preserved for essential systems.",IF(O12="Partial","MISSION DELAYED; trust 35. The crew pauses the decision while battery reserves continue to fall.","GAME OVER; trust 5. The shield overloads the low-battery system and causes a shipwide power emergency.")) -> MISSION SUCCESS + PROCESS WARNING; trust 70. The shield remains offline. Battery power is preserved for essential systems. | Y12: =O12&" answer | Retrieval "&P12&"% | Ranking "&Q12&"% | Grounding "&R12&"% | Citation "&S12&"% | Hallucination Risk "&T12&"% | Trust "&U12&"%" -> Grounded answer | Retrieval 100% | Ranking 70% | Grounding 100% | Citation 100% | Hallucination Risk 0% | Trust 94% | AA12: Not Run
A13: R-solar_shield-08 | B13: solar_shield | C13: Solar Shield Battery Check | D13: Can we activate the solar shield during low battery mode? | E13: K2 | F13: low_battery_threshold: Low battery mode begins when the battery level falls below 25%. | G13: K1 | H13: shield_power_requirement: The solar shield requires the battery level to be above 40%. | I13: D2 | J13: radiation_protection: The solar shield protects the ship during radiation storms. | K13: D1 | L13: oxygen_backup_power: The oxygen system uses backup power during low battery mode. | M13: =IF(E13="K1",1,IF(G13="K1",2,IF(I13="K1",3,4))) -> 2 | N13: =IF(E13="K2",1,IF(G13="K2",2,IF(I13="K2",3,4))) -> 1 | O13: =IF(AND(M13<=2,N13<=2),"Grounded",IF(OR(M13<=2,N13<=2),"Partial","Risky")) -> Grounded | P13: =IF(O13="Grounded",100,IF(O13="Partial",50,0)) -> 100 | Q13: =MAX(0,50-ABS(M13-1)*15)+MAX(0,50-ABS(N13-2)*15) -> 70 | R13: =IF(O13="Grounded",100,IF(O13="Partial",60,10)) -> 100 | S13: =IF(O13="Grounded",100,IF(O13="Partial",50,0)) -> 100 | T13: =IF(O13="Grounded",0,IF(O13="Partial",40,90)) -> 0 | U13: =ROUND((P13+Q13+R13+S13+(100-T13))/5,0) -> 94 | V13: =O13 -> Grounded | W13: =IF(O13="Grounded","MISSION SUCCESS: The shield remains offline. Battery power is preserved for essential systems.",IF(O13="Partial","MISSION PROTECTED: Response held for more evidence; Try New Mission.","RISK BLOCKED: Unsupported action prevented; Try New Mission.")) -> MISSION SUCCESS: The shield remains offline. Battery power is preserved for essential systems. | X13: =IF(O13="Grounded","MISSION SUCCESS + PROCESS WARNING; trust 70. The shield remains offline. Battery power is preserved for essential systems.",IF(O13="Partial","MISSION DELAYED; trust 35. The crew pauses the decision while battery reserves continue to fall.","GAME OVER; trust 5. The shield overloads the low-battery system and causes a shipwide power emergency.")) -> MISSION SUCCESS + PROCESS WARNING; trust 70. The shield remains offline. Battery power is preserved for essential systems. | Y13: =O13&" answer | Retrieval "&P13&"% | Ranking "&Q13&"% | Grounding "&R13&"% | Citation "&S13&"% | Hallucination Risk "&T13&"% | Trust "&U13&"%" -> Grounded answer | Retrieval 100% | Ranking 70% | Grounding 100% | Citation 100% | Hallucination Risk 0% | Trust 94% | AA13: Not Run
A14: R-solar_shield-09 | B14: solar_shield | C14: Solar Shield Battery Check | D14: Can we activate the solar shield during low battery mode? | E14: K2 | F14: low_battery_threshold: Low battery mode begins when the battery level falls below 25%. | G14: D1 | H14: oxygen_backup_power: The oxygen system uses backup power during low battery mode. | I14: K1 | J14: shield_power_requirement: The solar shield requires the battery level to be above 40%. | K14: D2 | L14: radiation_protection: The solar shield protects the ship during radiation storms. | M14: =IF(E14="K1",1,IF(G14="K1",2,IF(I14="K1",3,4))) -> 3 | N14: =IF(E14="K2",1,IF(G14="K2",2,IF(I14="K2",3,4))) -> 1 | O14: =IF(AND(M14<=2,N14<=2),"Grounded",IF(OR(M14<=2,N14<=2),"Partial","Risky")) -> Partial | P14: =IF(O14="Grounded",100,IF(O14="Partial",50,0)) -> 50 | Q14: =MAX(0,50-ABS(M14-1)*15)+MAX(0,50-ABS(N14-2)*15) -> 55 | R14: =IF(O14="Grounded",100,IF(O14="Partial",60,10)) -> 60 | S14: =IF(O14="Grounded",100,IF(O14="Partial",50,0)) -> 50 | T14: =IF(O14="Grounded",0,IF(O14="Partial",40,90)) -> 40 | U14: =ROUND((P14+Q14+R14+S14+(100-T14))/5,0) -> 55 | V14: =O14 -> Partial | W14: =IF(O14="Grounded","MISSION SUCCESS: The shield remains offline. Battery power is preserved for essential systems.",IF(O14="Partial","MISSION PROTECTED: Response held for more evidence; Try New Mission.","RISK BLOCKED: Unsupported action prevented; Try New Mission.")) -> MISSION PROTECTED: Response held for more evidence; Try New Mission. | X14: =IF(O14="Grounded","MISSION SUCCESS + PROCESS WARNING; trust 70. The shield remains offline. Battery power is preserved for essential systems.",IF(O14="Partial","MISSION DELAYED; trust 35. The crew pauses the decision while battery reserves continue to fall.","GAME OVER; trust 5. The shield overloads the low-battery system and causes a shipwide power emergency.")) -> MISSION DELAYED; trust 35. The crew pauses the decision while battery reserves continue to fall. | Y14: =O14&" answer | Retrieval "&P14&"% | Ranking "&Q14&"% | Grounding "&R14&"% | Citation "&S14&"% | Hallucination Risk "&T14&"% | Trust "&U14&"%" -> Partial answer | Retrieval 50% | Ranking 55% | Grounding 60% | Citation 50% | Hallucination Risk 40% | Trust 55% | AA14: Not Run
A15: R-solar_shield-10 | B15: solar_shield | C15: Solar Shield Battery Check | D15: Can we activate the solar shield during low battery mode? | E15: K2 | F15: low_battery_threshold: Low battery mode begins when the battery level falls below 25%. | G15: D1 | H15: oxygen_backup_power: The oxygen system uses backup power during low battery mode. | I15: D2 | J15: radiation_protection: The solar shield protects the ship during radiation storms. | K15: K1 | L15: shield_power_requirement: The solar shield requires the battery level to be above 40%. | M15: =IF(E15="K1",1,IF(G15="K1",2,IF(I15="K1",3,4))) -> 4 | N15: =IF(E15="K2",1,IF(G15="K2",2,IF(I15="K2",3,4))) -> 1 | O15: =IF(AND(M15<=2,N15<=2),"Grounded",IF(OR(M15<=2,N15<=2),"Partial","Risky")) -> Partial | P15: =IF(O15="Grounded",100,IF(O15="Partial",50,0)) -> 50 | Q15: =MAX(0,50-ABS(M15-1)*15)+MAX(0,50-ABS(N15-2)*15) -> 40 | R15: =IF(O15="Grounded",100,IF(O15="Partial",60,10)) -> 60 | S15: =IF(O15="Grounded",100,IF(O15="Partial",50,0)) -> 50 | T15: =IF(O15="Grounded",0,IF(O15="Partial",40,90)) -> 40 | U15: =ROUND((P15+Q15+R15+S15+(100-T15))/5,0) -> 52 | V15: =O15 -> Partial | W15: =IF(O15="Grounded","MISSION SUCCESS: The shield remains offline. Battery power is preserved for essential systems.",IF(O15="Partial","MISSION PROTECTED: Response held for more evidence; Try New Mission.","RISK BLOCKED: Unsupported action prevented; Try New Mission.")) -> MISSION PROTECTED: Response held for more evidence; Try New Mission. | X15: =IF(O15="Grounded","MISSION SUCCESS + PROCESS WARNING; trust 70. The shield remains offline. Battery power is preserved for essential systems.",IF(O15="Partial","MISSION DELAYED; trust 35. The crew pauses the decision while battery reserves continue to fall.","GAME OVER; trust 5. The shield overloads the low-battery system and causes a shipwide power emergency.")) -> MISSION DELAYED; trust 35. The crew pauses the decision while battery reserves continue to fall. | Y15: =O15&" answer | Retrieval "&P15&"% | Ranking "&Q15&"% | Grounding "&R15&"% | Citation "&S15&"% | Hallucination Risk "&T15&"% | Trust "&U15&"%" -> Partial answer | Retrieval 50% | Ranking 40% | Grounding 60% | Citation 50% | Hallucination Risk 40% | Trust 52% | AA15: Not Run
A16: R-solar_shield-11 | B16: solar_shield | C16: Solar Shield Battery Check | D16: Can we activate the solar shield during low battery mode? | E16: K2 | F16: low_battery_threshold: Low battery mode begins when the battery level falls below 25%. | G16: D2 | H16: radiation_protection: The solar shield protects the ship during radiation storms. | I16: K1 | J16: shield_power_requirement: The solar shield requires the battery level to be above 40%. | K16: D1 | L16: oxygen_backup_power: The oxygen system uses backup power during low battery mode. | M16: =IF(E16="K1",1,IF(G16="K1",2,IF(I16="K1",3,4))) -> 3 | N16: =IF(E16="K2",1,IF(G16="K2",2,IF(I16="K2",3,4))) -> 1 | O16: =IF(AND(M16<=2,N16<=2),"Grounded",IF(OR(M16<=2,N16<=2),"Partial","Risky")) -> Partial | P16: =IF(O16="Grounded",100,IF(O16="Partial",50,0)) -> 50 | Q16: =MAX(0,50-ABS(M16-1)*15)+MAX(0,50-ABS(N16-2)*15) -> 55 | R16: =IF(O16="Grounded",100,IF(O16="Partial",60,10)) -> 60 | S16: =IF(O16="Grounded",100,IF(O16="Partial",50,0)) -> 50 | T16: =IF(O16="Grounded",0,IF(O16="Partial",40,90)) -> 40 | U16: =ROUND((P16+Q16+R16+S16+(100-T16))/5,0) -> 55 | V16: =O16 -> Partial | W16: =IF(O16="Grounded","MISSION SUCCESS: The shield remains offline. Battery power is preserved for essential systems.",IF(O16="Partial","MISSION PROTECTED: Response held for more evidence; Try New Mission.","RISK BLOCKED: Unsupported action prevented; Try New Mission.")) -> MISSION PROTECTED: Response held for more evidence; Try New Mission. | X16: =IF(O16="Grounded","MISSION SUCCESS + PROCESS WARNING; trust 70. The shield remains offline. Battery power is preserved for essential systems.",IF(O16="Partial","MISSION DELAYED; trust 35. The crew pauses the decision while battery reserves continue to fall.","GAME OVER; trust 5. The shield overloads the low-battery system and causes a shipwide power emergency.")) -> MISSION DELAYED; trust 35. The crew pauses the decision while battery reserves continue to fall. | Y16: =O16&" answer | Retrieval "&P16&"% | Ranking "&Q16&"% | Grounding "&R16&"% | Citation "&S16&"% | Hallucination Risk "&T16&"% | Trust "&U16&"%" -> Partial answer | Retrieval 50% | Ranking 55% | Grounding 60% | Citation 50% | Hallucination Risk 40% | Trust 55% | AA16: Not Run
A17: R-solar_shield-12 | B17: solar_shield | C17: Solar Shield Battery Check | D17: Can we activate the solar shield during low battery mode? | E17: K2 | F17: low_battery_threshold: Low battery mode begins when the battery level falls below 25%. | G17: D2 | H17: radiation_protection: The solar shield protects the ship during radiation storms. | I17: D1 | J17: oxygen_backup_power: The oxygen system uses backup power during low battery mode. | K17: K1 | L17: shield_power_requirement: The solar shield requires the battery level to be above 40%. | M17: =IF(E17="K1",1,IF(G17="K1",2,IF(I17="K1",3,4))) -> 4 | N17: =IF(E17="K2",1,IF(G17="K2",2,IF(I17="K2",3,4))) -> 1 | O17: =IF(AND(M17<=2,N17<=2),"Grounded",IF(OR(M17<=2,N17<=2),"Partial","Risky")) -> Partial | P17: =IF(O17="Grounded",100,IF(O17="Partial",50,0)) -> 50 | Q17: =MAX(0,50-ABS(M17-1)*15)+MAX(0,50-ABS(N17-2)*15) -> 40 | R17: =IF(O17="Grounded",100,IF(O17="Partial",60,10)) -> 60 | S17: =IF(O17="Grounded",100,IF(O17="Partial",50,0)) -> 50 | T17: =IF(O17="Grounded",0,IF(O17="Partial",40,90)) -> 40 | U17: =ROUND((P17+Q17+R17+S17+(100-T17))/5,0) -> 52 | V17: =O17 -> Partial | W17: =IF(O17="Grounded","MISSION SUCCESS: The shield remains offline. Battery power is preserved for essential systems.",IF(O17="Partial","MISSION PROTECTED: Response held for more evidence; Try New Mission.","RISK BLOCKED: Unsupported action prevented; Try New Mission.")) -> MISSION PROTECTED: Response held for more evidence; Try New Mission. | X17: =IF(O17="Grounded","MISSION SUCCESS + PROCESS WARNING; trust 70. The shield remains offline. Battery power is preserved for essential systems.",IF(O17="Partial","MISSION DELAYED; trust 35. The crew pauses the decision while battery reserves continue to fall.","GAME OVER; trust 5. The shield overloads the low-battery system and causes a shipwide power emergency.")) -> MISSION DELAYED; trust 35. The crew pauses the decision while battery reserves continue to fall. | Y17: =O17&" answer | Retrieval "&P17&"% | Ranking "&Q17&"% | Grounding "&R17&"% | Citation "&S17&"% | Hallucination Risk "&T17&"% | Trust "&U17&"%" -> Partial answer | Retrieval 50% | Ranking 40% | Grounding 60% | Citation 50% | Hallucination Risk 40% | Trust 52% | AA17: Not Run
A18: R-solar_shield-13 | B18: solar_shield | C18: Solar Shield Battery Check | D18: Can we activate the solar shield during low battery mode? | E18: D1 | F18: oxygen_backup_power: The oxygen system uses backup power during low battery mode. | G18: K1 | H18: shield_power_requirement: The solar shield requires the battery level to be above 40%. | I18: K2 | J18: low_battery_threshold: Low battery mode begins when the battery level falls below 25%. | K18: D2 | L18: radiation_protection: The solar shield protects the ship during radiation storms. | M18: =IF(E18="K1",1,IF(G18="K1",2,IF(I18="K1",3,4))) -> 2 | N18: =IF(E18="K2",1,IF(G18="K2",2,IF(I18="K2",3,4))) -> 3 | O18: =IF(AND(M18<=2,N18<=2),"Grounded",IF(OR(M18<=2,N18<=2),"Partial","Risky")) -> Partial | P18: =IF(O18="Grounded",100,IF(O18="Partial",50,0)) -> 50 | Q18: =MAX(0,50-ABS(M18-1)*15)+MAX(0,50-ABS(N18-2)*15) -> 70 | R18: =IF(O18="Grounded",100,IF(O18="Partial",60,10)) -> 60 | S18: =IF(O18="Grounded",100,IF(O18="Partial",50,0)) -> 50 | T18: =IF(O18="Grounded",0,IF(O18="Partial",40,90)) -> 40 | U18: =ROUND((P18+Q18+R18+S18+(100-T18))/5,0) -> 58 | V18: =O18 -> Partial | W18: =IF(O18="Grounded","MISSION SUCCESS: The shield remains offline. Battery power is preserved for essential systems.",IF(O18="Partial","MISSION PROTECTED: Response held for more evidence; Try New Mission.","RISK BLOCKED: Unsupported action prevented; Try New Mission.")) -> MISSION PROTECTED: Response held for more evidence; Try New Mission. | X18: =IF(O18="Grounded","MISSION SUCCESS + PROCESS WARNING; trust 70. The shield remains offline. Battery power is preserved for essential systems.",IF(O18="Partial","MISSION DELAYED; trust 35. The crew pauses the decision while battery reserves continue to fall.","GAME OVER; trust 5. The shield overloads the low-battery system and causes a shipwide power emergency.")) -> MISSION DELAYED; trust 35. The crew pauses the decision while battery reserves continue to fall. | Y18: =O18&" answer | Retrieval "&P18&"% | Ranking "&Q18&"% | Grounding "&R18&"% | Citation "&S18&"% | Hallucination Risk "&T18&"% | Trust "&U18&"%" -> Partial answer | Retrieval 50% | Ranking 70% | Grounding 60% | Citation 50% | Hallucination Risk 40% | Trust 58% | AA18: Not Run
A19: R-solar_shield-14 | B19: solar_shield | C19: Solar Shield Battery Check | D19: Can we activate the solar shield during low battery mode? | E19: D1 | F19: oxygen_backup_power: The oxygen system uses backup power during low battery mode. | G19: K1 | H19: shield_power_requirement: The solar shield requires the battery level to be above 40%. | I19: D2 | J19: radiation_protection: The solar shield protects the ship during radiation storms. | K19: K2 | L19: low_battery_threshold: Low battery mode begins when the battery level falls below 25%. | M19: =IF(E19="K1",1,IF(G19="K1",2,IF(I19="K1",3,4))) -> 2 | N19: =IF(E19="K2",1,IF(G19="K2",2,IF(I19="K2",3,4))) -> 4 | O19: =IF(AND(M19<=2,N19<=2),"Grounded",IF(OR(M19<=2,N19<=2),"Partial","Risky")) -> Partial | P19: =IF(O19="Grounded",100,IF(O19="Partial",50,0)) -> 50 | Q19: =MAX(0,50-ABS(M19-1)*15)+MAX(0,50-ABS(N19-2)*15) -> 55 | R19: =IF(O19="Grounded",100,IF(O19="Partial",60,10)) -> 60 | S19: =IF(O19="Grounded",100,IF(O19="Partial",50,0)) -> 50 | T19: =IF(O19="Grounded",0,IF(O19="Partial",40,90)) -> 40 | U19: =ROUND((P19+Q19+R19+S19+(100-T19))/5,0) -> 55 | V19: =O19 -> Partial | W19: =IF(O19="Grounded","MISSION SUCCESS: The shield remains offline. Battery power is preserved for essential systems.",IF(O19="Partial","MISSION PROTECTED: Response held for more evidence; Try New Mission.","RISK BLOCKED: Unsupported action prevented; Try New Mission.")) -> MISSION PROTECTED: Response held for more evidence; Try New Mission. | X19: =IF(O19="Grounded","MISSION SUCCESS + PROCESS WARNING; trust 70. The shield remains offline. Battery power is preserved for essential systems.",IF(O19="Partial","MISSION DELAYED; trust 35. The crew pauses the decision while battery reserves continue to fall.","GAME OVER; trust 5. The shield overloads the low-battery system and causes a shipwide power emergency.")) -> MISSION DELAYED; trust 35. The crew pauses the decision while battery reserves continue to fall. | Y19: =O19&" answer | Retrieval "&P19&"% | Ranking "&Q19&"% | Grounding "&R19&"% | Citation "&S19&"% | Hallucination Risk "&T19&"% | Trust "&U19&"%" -> Partial answer | Retrieval 50% | Ranking 55% | Grounding 60% | Citation 50% | Hallucination Risk 40% | Trust 55% | AA19: Not Run
... A29: R-solar_shield-24 | B29: solar_shield | C29: Solar Shield Battery Check | D29: Can we activate the solar shield during low battery mode? | E29: D2 | F29: radiation_protection: The solar shield protects the ship during radiation storms. | G29: D1 | H29: oxygen_backup_power: The oxygen system uses backup power during low battery mode. | I29: K2 | J29: low_battery_threshold: Low battery mode begins when the battery level falls below 25%. | K29: K1 | L29: shield_power_requirement: The solar shield requires the battery level to be above 40%. | M29: =IF(E29="K1",1,IF(G29="K1",2,IF(I29="K1",3,4))) -> 4 | N29: =IF(E29="K2",1,IF(G29="K2",2,IF(I29="K2",3,4))) -> 3 | O29: =IF(AND(M29<=2,N29<=2),"Grounded",IF(OR(M29<=2,N29<=2),"Partial","Risky")) -> Risky | P29: =IF(O29="Grounded",100,IF(O29="Partial",50,0)) -> 0 | Q29: =MAX(0,50-ABS(M29-1)*15)+MAX(0,50-ABS(N29-2)*15) -> 40 | R29: =IF(O29="Grounded",100,IF(O29="Partial",60,10)) -> 10 | S29: =IF(O29="Grounded",100,IF(O29="Partial",50,0)) -> 0 | T29: =IF(O29="Grounded",0,IF(O29="Partial",40,90)) -> 90 | U29: =ROUND((P29+Q29+R29+S29+(100-T29))/5,0) -> 12 | V29: =O29 -> Risky | W29: =IF(O29="Grounded","MISSION SUCCESS: The shield remains offline. Battery power is preserved for essential systems.",IF(O29="Partial","MISSION PROTECTED: Response held for more evidence; Try New Mission.","RISK BLOCKED: Unsupported action prevented; Try New Mission.")) -> RISK BLOCKED: Unsupported action prevented; Try New Mission. | X29: =IF(O29="Grounded","MISSION SUCCESS + PROCESS WARNING; trust 70. The shield remains offline. Battery power is preserved for essential systems.",IF(O29="Partial","MISSION DELAYED; trust 35. The crew pauses the decision while battery reserves continue to fall.","GAME OVER; trust 5. The shield overloads the low-battery system and causes a shipwide power emergency.")) -> GAME OVER; trust 5. The shield overloads the low-battery system and causes a shipwide power emergency. | Y29: =O29&" answer | Retrieval "&P29&"% | Ranking "&Q29&"% | Grounding "&R29&"% | Citation "&S29&"% | Hallucination Risk "&T29&"% | Trust "&U29&"%" -> Risky answer | Retrieval 0% | Ranking 40% | Grounding 10% | Citation 0% | Hallucination Risk 90% | Trust 12% | AA29: Not Run
A30: R-cargo_bay-01 | B30: cargo_bay | C30: Cargo Bay Safety Check | D30: Can we open the exterior cargo bay while the ship is moving at cruise speed? | E30: K1 | F30: cargo_speed_requirement: Exterior cargo bay doors may open only when the ship speed is zero. | G30: K2 | H30: cruise_speed_status: Cruise mode keeps the ship moving above 5,000 kilometers per hour. | I30: D1 | J30: cargo_contents: The cargo bay stores repair drones and spare equipment. | K30: D2 | L30: docking_clamps: Docking clamps engage automatically near a space station. | M30: =IF(E30="K1",1,IF(G30="K1",2,IF(I30="K1",3,4))) -> 1 | N30: =IF(E30="K2",1,IF(G30="K2",2,IF(I30="K2",3,4))) -> 2 | O30: =IF(AND(M30<=2,N30<=2),"Grounded",IF(OR(M30<=2,N30<=2),"Partial","Risky")) -> Grounded | P30: =IF(O30="Grounded",100,IF(O30="Partial",50,0)) -> 100 | Q30: =MAX(0,50-ABS(M30-1)*15)+MAX(0,50-ABS(N30-2)*15) -> 100 | R30: =IF(O30="Grounded",100,IF(O30="Partial",60,10)) -> 100 | S30: =IF(O30="Grounded",100,IF(O30="Partial",50,0)) -> 100 | T30: =IF(O30="Grounded",0,IF(O30="Partial",40,90)) -> 0 | U30: =ROUND((P30+Q30+R30+S30+(100-T30))/5,0) -> 100 | V30: =O30 -> Grounded | W30: =IF(O30="Grounded","MISSION SUCCESS: The cargo bay remains sealed until the ship stops, preventing decompression and equipment loss.",IF(O30="Partial","MISSION PROTECTED: Response held for more evidence; Try New Mission.","RISK BLOCKED: Unsupported action prevented; Try New Mission.")) -> MISSION SUCCESS: The cargo bay remains sealed until the ship stops, preventing decompression and equipment loss. | X30: =IF(O30="Grounded","MISSION SUCCESS + PROCESS WARNING; trust 70. The cargo bay remains sealed until the ship stops, preventing decompression and equipment loss.",IF(O30="Partial","MISSION DELAYED; trust 35. The crew pauses the cargo operation while confirming the ship-speed requirement.","GAME OVER; trust 5. The cargo bay opens at cruise speed, causing rapid decompression and the loss of critical equipment.")) -> MISSION SUCCESS + PROCESS WARNING; trust 70. The cargo bay remains sealed until the ship stops, preventing decompression and equipment loss. | Y30: =O30&" answer | Retrieval "&P30&"% | Ranking "&Q30&"% | Grounding "&R30&"% | Citation "&S30&"% | Hallucination Risk "&T30&"% | Trust "&U30&"%" -> Grounded answer | Retrieval 100% | Ranking 100% | Grounding 100% | Citation 100% | Hallucination Risk 0% | Trust 100% | AA30: Not Run
A31: R-cargo_bay-02 | B31: cargo_bay | C31: Cargo Bay Safety Check | D31: Can we open the exterior cargo bay while the ship is moving at cruise speed? | E31: K1 | F31: cargo_speed_requirement: Exterior cargo bay doors may open only when the ship speed is zero. | G31: K2 | H31: cruise_speed_status: Cruise mode keeps the ship moving above 5,000 kilometers per hour. | I31: D2 | J31: docking_clamps: Docking clamps engage automatically near a space station. | K31: D1 | L31: cargo_contents: The cargo bay stores repair drones and spare equipment. | M31: =IF(E31="K1",1,IF(G31="K1",2,IF(I31="K1",3,4))) -> 1 | N31: =IF(E31="K2",1,IF(G31="K2",2,IF(I31="K2",3,4))) -> 2 | O31: =IF(AND(M31<=2,N31<=2),"Grounded",IF(OR(M31<=2,N31<=2),"Partial","Risky")) -> Grounded | P31: =IF(O31="Grounded",100,IF(O31="Partial",50,0)) -> 100 | Q31: =MAX(0,50-ABS(M31-1)*15)+MAX(0,50-ABS(N31-2)*15) -> 100 | R31: =IF(O31="Grounded",100,IF(O31="Partial",60,10)) -> 100 | S31: =IF(O31="Grounded",100,IF(O31="Partial",50,0)) -> 100 | T31: =IF(O31="Grounded",0,IF(O31="Partial",40,90)) -> 0 | U31: =ROUND((P31+Q31+R31+S31+(100-T31))/5,0) -> 100 | V31: =O31 -> Grounded | W31: =IF(O31="Grounded","MISSION SUCCESS: The cargo bay remains sealed until the ship stops, preventing decompression and equipment loss.",IF(O31="Partial","MISSION PROTECTED: Response held for more evidence; Try New Mission.","RISK BLOCKED: Unsupported action prevented; Try New Mission.")) -> MISSION SUCCESS: The cargo bay remains sealed until the ship stops, preventing decompression and equipment loss. | X31: =IF(O31="Grounded","MISSION SUCCESS + PROCESS WARNING; trust 70. The cargo bay remains sealed until the ship stops, preventing decompression and equipment loss.",IF(O31="Partial","MISSION DELAYED; trust 35. The crew pauses the cargo operation while confirming the ship-speed requirement.","GAME OVER; trust 5. The cargo bay opens at cruise speed, causing rapid decompression and the loss of critical equipment.")) -> MISSION SUCCESS + PROCESS WARNING; trust 70. The cargo bay remains sealed until the ship stops, preventing decompression and equipment loss. | Y31: =O31&" answer | Retrieval "&P31&"% | Ranking "&Q31&"% | Grounding "&R31&"% | Citation "&S31&"% | Hallucination Risk "&T31&"% | Trust "&U31&"%" -> Grounded answer | Retrieval 100% | Ranking 100% | Grounding 100% | Citation 100% | Hallucination Risk 0% | Trust 100% | AA31: Not Run
A32: R-cargo_bay-03 | B32: cargo_bay | C32: Cargo Bay Safety Check | D32: Can we open the exterior cargo bay while the ship is moving at cruise speed? | E32: K1 | F32: cargo_speed_requirement: Exterior cargo bay doors may open only when the ship speed is zero. | G32: D1 | H32: cargo_contents: The cargo bay stores repair drones and spare equipment. | I32: K2 | J32: cruise_speed_status: Cruise mode keeps the ship moving above 5,000 kilometers per hour. | K32: D2 | L32: docking_clamps: Docking clamps engage automatically near a space station. | M32: =IF(E32="K1",1,IF(G32="K1",2,IF(I32="K1",3,4))) -> 1 | N32: =IF(E32="K2",1,IF(G32="K2",2,IF(I32="K2",3,4))) -> 3 | O32: =IF(AND(M32<=2,N32<=2),"Grounded",IF(OR(M32<=2,N32<=2),"Partial","Risky")) -> Partial | P32: =IF(O32="Grounded",100,IF(O32="Partial",50,0)) -> 50 | Q32: =MAX(0,50-ABS(M32-1)*15)+MAX(0,50-ABS(N32-2)*15) -> 85 | R32: =IF(O32="Grounded",100,IF(O32="Partial",60,10)) -> 60 | S32: =IF(O32="Grounded",100,IF(O32="Partial",50,0)) -> 50 | T32: =IF(O32="Grounded",0,IF(O32="Partial",40,90)) -> 40 | U32: =ROUND((P32+Q32+R32+S32+(100-T32))/5,0) -> 61 | V32: =O32 -> Partial | W32: =IF(O32="Grounded","MISSION SUCCESS: The cargo bay remains sealed until the ship stops, preventing decompression and equipment loss.",IF(O32="Partial","MISSION PROTECTED: Response held for more evidence; Try New Mission.","RISK BLOCKED: Unsupported action prevented; Try New Mission.")) -> MISSION PROTECTED: Response held for more evidence; Try New Mission. | X32: =IF(O32="Grounded","MISSION SUCCESS + PROCESS WARNING; trust 70. The cargo bay remains sealed until the ship stops, preventing decompression and equipment loss.",IF(O32="Partial","MISSION DELAYED; trust 35. The crew pauses the cargo operation while confirming the ship-speed requirement.","GAME OVER; trust 5. The cargo bay opens at cruise speed, causing rapid decompression and the loss of critical equipment.")) -> MISSION DELAYED; trust 35. The crew pauses the cargo operation while confirming the ship-speed requirement. | Y32: =O32&" answer | Retrieval "&P32&"% | Ranking "&Q32&"% | Grounding "&R32&"% | Citation "&S32&"% | Hallucination Risk "&T32&"% | Trust "&U32&"%" -> Partial answer | Retrieval 50% | Ranking 85% | Grounding 60% | Citation 50% | Hallucination Risk 40% | Trust 61% | AA32: Not Run
A33: R-cargo_bay-04 | B33: cargo_bay | C33: Cargo Bay Safety Check | D33: Can we open the exterior cargo bay while the ship is moving at cruise speed? | E33: K1 | F33: cargo_speed_requirement: Exterior cargo bay doors may open only when the ship speed is zero. | G33: D1 | H33: cargo_contents: The cargo bay stores repair drones and spare equipment. | I33: D2 | J33: docking_clamps: Docking clamps engage automatically near a space station. | K33: K2 | L33: cruise_speed_status: Cruise mode keeps the ship moving above 5,000 kilometers per hour. | M33: =IF(E33="K1",1,IF(G33="K1",2,IF(I33="K1",3,4))) -> 1 | N33: =IF(E33="K2",1,IF(G33="K2",2,IF(I33="K2",3,4))) -> 4 | O33: =IF(AND(M33<=2,N33<=2),"Grounded",IF(OR(M33<=2,N33<=2),"Partial","Risky")) -> Partial | P33: =IF(O33="Grounded",100,IF(O33="Partial",50,0)) -> 50 | Q33: =MAX(0,50-ABS(M33-1)*15)+MAX(0,50-ABS(N33-2)*15) -> 70 | R33: =IF(O33="Grounded",100,IF(O33="Partial",60,10)) -> 60 | S33: =IF(O33="Grounded",100,IF(O33="Partial",50,0)) -> 50 | T33: =IF(O33="Grounded",0,IF(O33="Partial",40,90)) -> 40 | U33: =ROUND((P33+Q33+R33+S33+(100-T33))/5,0) -> 58 | V33: =O33 -> Partial | W33: =IF(O33="Grounded","MISSION SUCCESS: The cargo bay remains sealed until the ship stops, preventing decompression and equipment loss.",IF(O33="Partial","MISSION PROTECTED: Response held for more evidence; Try New Mission.","RISK BLOCKED: Unsupported action prevented; Try New Mission.")) -> MISSION PROTECTED: Response held for more evidence; Try New Mission. | X33: =IF(O33="Grounded","MISSION SUCCESS + PROCESS WARNING; trust 70. The cargo bay remains sealed until the ship stops, preventing decompression and equipment loss.",IF(O33="Partial","MISSION DELAYED; trust 35. The crew pauses the cargo operation while confirming the ship-speed requirement.","GAME OVER; trust 5. The cargo bay opens at cruise speed, causing rapid decompression and the loss of critical equipment.")) -> MISSION DELAYED; trust 35. The crew pauses the cargo operation while confirming the ship-speed requirement. | Y33: =O33&" answer | Retrieval "&P33&"% | Ranking "&Q33&"% | Grounding "&R33&"% | Citation "&S33&"% | Hallucination Risk "&T33&"% | Trust "&U33&"%" -> Partial answer | Retrieval 50% | Ranking 70% | Grounding 60% | Citation 50% | Hallucination Risk 40% | Trust 58% | AA33: Not Run
A34: R-cargo_bay-05 | B34: cargo_bay | C34: Cargo Bay Safety Check | D34: Can we open the exterior cargo bay while the ship is moving at cruise speed? | E34: K1 | F34: cargo_speed_requirement: Exterior cargo bay doors may open only when the ship speed is zero. | G34: D2 | H34: docking_clamps: Docking clamps engage automatically near a space station. | I34: K2 | J34: cruise_speed_status: Cruise mode keeps the ship moving above 5,000 kilometers per hour. | K34: D1 | L34: cargo_contents: The cargo bay stores repair drones and spare equipment. | M34: =IF(E34="K1",1,IF(G34="K1",2,IF(I34="K1",3,4))) -> 1 | N34: =IF(E34="K2",1,IF(G34="K2",2,IF(I34="K2",3,4))) -> 3 | O34: =IF(AND(M34<=2,N34<=2),"Grounded",IF(OR(M34<=2,N34<=2),"Partial","Risky")) -> Partial | P34: =IF(O34="Grounded",100,IF(O34="Partial",50,0)) -> 50 | Q34: =MAX(0,50-ABS(M34-1)*15)+MAX(0,50-ABS(N34-2)*15) -> 85 | R34: =IF(O34="Grounded",100,IF(O34="Partial",60,10)) -> 60 | S34: =IF(O34="Grounded",100,IF(O34="Partial",50,0)) -> 50 | T34: =IF(O34="Grounded",0,IF(O34="Partial",40,90)) -> 40 | U34: =ROUND((P34+Q34+R34+S34+(100-T34))/5,0) -> 61 | V34: =O34 -> Partial | W34: =IF(O34="Grounded","MISSION SUCCESS: The cargo bay remains sealed until the ship stops, preventing decompression and equipment loss.",IF(O34="Partial","MISSION PROTECTED: Response held for more evidence; Try New Mission.","RISK BLOCKED: Unsupported action prevented; Try New Mission.")) -> MISSION PROTECTED: Response held for more evidence; Try New Mission. | X34: =IF(O34="Grounded","MISSION SUCCESS + PROCESS WARNING; trust 70. The cargo bay remains sealed until the ship stops, preventing decompression and equipment loss.",IF(O34="Partial","MISSION DELAYED; trust 35. The crew pauses the cargo operation while confirming the ship-speed requirement.","GAME OVER; trust 5. The cargo bay opens at cruise speed, causing rapid decompression and the loss of critical equipment.")) -> MISSION DELAYED; trust 35. The crew pauses the cargo operation while confirming the ship-speed requirement. | Y34: =O34&" answer | Retrieval "&P34&"% | Ranking "&Q34&"% | Grounding "&R34&"% | Citation "&S34&"% | Hallucination Risk "&T34&"% | Trust "&U34&"%" -> Partial answer | Retrieval 50% | Ranking 85% | Grounding 60% | Citation 50% | Hallucination Risk 40% | Trust 61% | AA34: Not Run
A35: R-cargo_bay-06 | B35: cargo_bay | C35: Cargo Bay Safety Check | D35: Can we open the exterior cargo bay while the ship is moving at cruise speed? | E35: K1 | F35: cargo_speed_requirement: Exterior cargo bay doors may open only when the ship speed is zero. | G35: D2 | H35: docking_clamps: Docking clamps engage automatically near a space station. | I35: D1 | J35: cargo_contents: The cargo bay stores repair drones and spare equipment. | K35: K2 | L35: cruise_speed_status: Cruise mode keeps the ship moving above 5,000 kilometers per hour. | M35: =IF(E35="K1",1,IF(G35="K1",2,IF(I35="K1",3,4))) -> 1 | N35: =IF(E35="K2",1,IF(G35="K2",2,IF(I35="K2",3,4))) -> 4 | O35: =IF(AND(M35<=2,N35<=2),"Grounded",IF(OR(M35<=2,N35<=2),"Partial","Risky")) -> Partial | P35: =IF(O35="Grounded",100,IF(O35="Partial",50,0)) -> 50 | Q35: =MAX(0,50-ABS(M35-1)*15)+MAX(0,50-ABS(N35-2)*15) -> 70 | R35: =IF(O35="Grounded",100,IF(O35="Partial",60,10)) -> 60 | S35: =IF(O35="Grounded",100,IF(O35="Partial",50,0)) -> 50 | T35: =IF(O35="Grounded",0,IF(O35="Partial",40,90)) -> 40 | U35: =ROUND((P35+Q35+R35+S35+(100-T35))/5,0) -> 58 | V35: =O35 -> Partial | W35: =IF(O35="Grounded","MISSION SUCCESS: The cargo bay remains sealed until the ship stops, preventing decompression and equipment loss.",IF(O35="Partial","MISSION PROTECTED: Response held for more evidence; Try New Mission.","RISK BLOCKED: Unsupported action prevented; Try New Mission.")) -> MISSION PROTECTED: Response held for more evidence; Try New Mission. | X35: =IF(O35="Grounded","MISSION SUCCESS + PROCESS WARNING; trust 70. The cargo bay remains sealed until the ship stops, preventing decompression and equipment loss.",IF(O35="Partial","MISSION DELAYED; trust 35. The crew pauses the cargo operation while confirming the ship-speed requirement.","GAME OVER; trust 5. The cargo bay opens at cruise speed, causing rapid decompression and the loss of critical equipment.")) -> MISSION DELAYED; trust 35. The crew pauses the cargo operation while confirming the ship-speed requirement. | Y35: =O35&" answer | Retrieval "&P35&"% | Ranking "&Q35&"% | Grounding "&R35&"% | Citation "&S35&"% | Hallucination Risk "&T35&"% | Trust "&U35&"%" -> Partial answer | Retrieval 50% | Ranking 70% | Grounding 60% | Citation 50% | Hallucination Risk 40% | Trust 58% | AA35: Not Run
A36: R-cargo_bay-07 | B36: cargo_bay | C36: Cargo Bay Safety Check | D36: Can we open the exterior cargo bay while the ship is moving at cruise speed? | E36: K2 | F36: cruise_speed_status: Cruise mode keeps the ship moving above 5,000 kilometers per hour. | G36: K1 | H36: cargo_speed_requirement: Exterior cargo bay doors may open only when the ship speed is zero. | I36: D1 | J36: cargo_contents: The cargo bay stores repair drones and spare equipment. | K36: D2 | L36: docking_clamps: Docking clamps engage automatically near a space station. | M36: =IF(E36="K1",1,IF(G36="K1",2,IF(I36="K1",3,4))) -> 2 | N36: =IF(E36="K2",1,IF(G36="K2",2,IF(I36="K2",3,4))) -> 1 | O36: =IF(AND(M36<=2,N36<=2),"Grounded",IF(OR(M36<=2,N36<=2),"Partial","Risky")) -> Grounded | P36: =IF(O36="Grounded",100,IF(O36="Partial",50,0)) -> 100 | Q36: =MAX(0,50-ABS(M36-1)*15)+MAX(0,50-ABS(N36-2)*15) -> 70 | R36: =IF(O36="Grounded",100,IF(O36="Partial",60,10)) -> 100 | S36: =IF(O36="Grounded",100,IF(O36="Partial",50,0)) -> 100 | T36: =IF(O36="Grounded",0,IF(O36="Partial",40,90)) -> 0 | U36: =ROUND((P36+Q36+R36+S36+(100-T36))/5,0) -> 94 | V36: =O36 -> Grounded | W36: =IF(O36="Grounded","MISSION SUCCESS: The cargo bay remains sealed until the ship stops, preventing decompression and equipment loss.",IF(O36="Partial","MISSION PROTECTED: Response held for more evidence; Try New Mission.","RISK BLOCKED: Unsupported action prevented; Try New Mission.")) -> MISSION SUCCESS: The cargo bay remains sealed until the ship stops, preventing decompression and equipment loss. | X36: =IF(O36="Grounded","MISSION SUCCESS + PROCESS WARNING; trust 70. The cargo bay remains sealed until the ship stops, preventing decompression and equipment loss.",IF(O36="Partial","MISSION DELAYED; trust 35. The crew pauses the cargo operation while confirming the ship-speed requirement.","GAME OVER; trust 5. The cargo bay opens at cruise speed, causing rapid decompression and the loss of critical equipment.")) -> MISSION SUCCESS + PROCESS WARNING; trust 70. The cargo bay remains sealed until the ship stops, preventing decompression and equipment loss. | Y36: =O36&" answer | Retrieval "&P36&"% | Ranking "&Q36&"% | Grounding "&R36&"% | Citation "&S36&"% | Hallucination Risk "&T36&"% | Trust "&U36&"%" -> Grounded answer | Retrieval 100% | Ranking 70% | Grounding 100% | Citation 100% | Hallucination Risk 0% | Trust 94% | AA36: Not Run
A37: R-cargo_bay-08 | B37: cargo_bay | C37: Cargo Bay Safety Check | D37: Can we open the exterior cargo bay while the ship is moving at cruise speed? | E37: K2 | F37: cruise_speed_status: Cruise mode keeps the ship moving above 5,000 kilometers per hour. | G37: K1 | H37: cargo_speed_requirement: Exterior cargo bay doors may open only when the ship speed is zero. | I37: D2 | J37: docking_clamps: Docking clamps engage automatically near a space station. | K37: D1 | L37: cargo_contents: The cargo bay stores repair drones and spare equipment. | M37: =IF(E37="K1",1,IF(G37="K1",2,IF(I37="K1",3,4))) -> 2 | N37: =IF(E37="K2",1,IF(G37="K2",2,IF(I37="K2",3,4))) -> 1 | O37: =IF(AND(M37<=2,N37<=2),"Grounded",IF(OR(M37<=2,N37<=2),"Partial","Risky")) -> Grounded | P37: =IF(O37="Grounded",100,IF(O37="Partial",50,0)) -> 100 | Q37: =MAX(0,50-ABS(M37-1)*15)+MAX(0,50-ABS(N37-2)*15) -> 70 | R37: =IF(O37="Grounded",100,IF(O37="Partial",60,10)) -> 100 | S37: =IF(O37="Grounded",100,IF(O37="Partial",50,0)) -> 100 | T37: =IF(O37="Grounded",0,IF(O37="Partial",40,90)) -> 0 | U37: =ROUND((P37+Q37+R37+S37+(100-T37))/5,0) -> 94 | V37: =O37 -> Grounded | W37: =IF(O37="Grounded","MISSION SUCCESS: The cargo bay remains sealed until the ship stops, preventing decompression and equipment loss.",IF(O37="Partial","MISSION PROTECTED: Response held for more evidence; Try New Mission.","RISK BLOCKED: Unsupported action prevented; Try New Mission.")) -> MISSION SUCCESS: The cargo bay remains sealed until the ship stops, preventing decompression and equipment loss. | X37: =IF(O37="Grounded","MISSION SUCCESS + PROCESS WARNING; trust 70. The cargo bay remains sealed until the ship stops, preventing decompression and equipment loss.",IF(O37="Partial","MISSION DELAYED; trust 35. The crew pauses the cargo operation while confirming the ship-speed requirement.","GAME OVER; trust 5. The cargo bay opens at cruise speed, causing rapid decompression and the loss of critical equipment.")) -> MISSION SUCCESS + PROCESS WARNING; trust 70. The cargo bay remains sealed until the ship stops, preventing decompression and equipment loss. | Y37: =O37&" answer | Retrieval "&P37&"% | Ranking "&Q37&"% | Grounding "&R37&"% | Citation "&S37&"% | Hallucination Risk "&T37&"% | Trust "&U37&"%" -> Grounded answer | Retrieval 100% | Ranking 70% | Grounding 100% | Citation 100% | Hallucination Risk 0% | Trust 94% | AA37: Not Run
A38: R-cargo_bay-09 | B38: cargo_bay | C38: Cargo Bay Safety Check | D38: Can we open the exterior cargo bay while the ship is moving at cruise speed? | E38: K2 | F38: cruise_speed_status: Cruise mode keeps the ship moving above 5,000 kilometers per hour. | G38: D1 | H38: cargo_contents: The cargo bay stores repair drones and spare equipment. | I38: K1 | J38: cargo_speed_requirement: Exterior cargo bay doors may open only when the ship speed is zero. | K38: D2 | L38: docking_clamps: Docking clamps engage automatically near a space station. | M38: =IF(E38="K1",1,IF(G38="K1",2,IF(I38="K1",3,4))) -> 3 | N38: =IF(E38="K2",1,IF(G38="K2",2,IF(I38="K2",3,4))) -> 1 | O38: =IF(AND(M38<=2,N38<=2),"Grounded",IF(OR(M38<=2,N38<=2),"Partial","Risky")) -> Partial | P38: =IF(O38="Grounded",100,IF(O38="Partial",50,0)) -> 50 | Q38: =MAX(0,50-ABS(M38-1)*15)+MAX(0,50-ABS(N38-2)*15) -> 55 | R38: =IF(O38="Grounded",100,IF(O38="Partial",60,10)) -> 60 | S38: =IF(O38="Grounded",100,IF(O38="Partial",50,0)) -> 50 | T38: =IF(O38="Grounded",0,IF(O38="Partial",40,90)) -> 40 | U38: =ROUND((P38+Q38+R38+S38+(100-T38))/5,0) -> 55 | V38: =O38 -> Partial | W38: =IF(O38="Grounded","MISSION SUCCESS: The cargo bay remains sealed until the ship stops, preventing decompression and equipment loss.",IF(O38="Partial","MISSION PROTECTED: Response held for more evidence; Try New Mission.","RISK BLOCKED: Unsupported action prevented; Try New Mission.")) -> MISSION PROTECTED: Response held for more evidence; Try New Mission. | X38: =IF(O38="Grounded","MISSION SUCCESS + PROCESS WARNING; trust 70. The cargo bay remains sealed until the ship stops, preventing decompression and equipment loss.",IF(O38="Partial","MISSION DELAYED; trust 35. The crew pauses the cargo operation while confirming the ship-speed requirement.","GAME OVER; trust 5. The cargo bay opens at cruise speed, causing rapid decompression and the loss of critical equipment.")) -> MISSION DELAYED; trust 35. The crew pauses the cargo operation while confirming the ship-speed requirement. | Y38: =O38&" answer | Retrieval "&P38&"% | Ranking "&Q38&"% | Grounding "&R38&"% | Citation "&S38&"% | Hallucination Risk "&T38&"% | Trust "&U38&"%" -> Partial answer | Retrieval 50% | Ranking 55% | Grounding 60% | Citation 50% | Hallucination Risk 40% | Trust 55% | AA38: Not Run
A39: R-cargo_bay-10 | B39: cargo_bay | C39: Cargo Bay Safety Check | D39: Can we open the exterior cargo bay while the ship is moving at cruise speed? | E39: K2 | F39: cruise_speed_status: Cruise mode keeps the ship moving above 5,000 kilometers per hour. | G39: D1 | H39: cargo_contents: The cargo bay stores repair drones and spare equipment. | I39: D2 | J39: docking_clamps: Docking clamps engage automatically near a space station. | K39: K1 | L39: cargo_speed_requirement: Exterior cargo bay doors may open only when the ship speed is zero. | M39: =IF(E39="K1",1,IF(G39="K1",2,IF(I39="K1",3,4))) -> 4 | N39: =IF(E39="K2",1,IF(G39="K2",2,IF(I39="K2",3,4))) -> 1 | O39: =IF(AND(M39<=2,N39<=2),"Grounded",IF(OR(M39<=2,N39<=2),"Partial","Risky")) -> Partial | P39: =IF(O39="Grounded",100,IF(O39="Partial",50,0)) -> 50 | Q39: =MAX(0,50-ABS(M39-1)*15)+MAX(0,50-ABS(N39-2)*15) -> 40 | R39: =IF(O39="Grounded",100,IF(O39="Partial",60,10)) -> 60 | S39: =IF(O39="Grounded",100,IF(O39="Partial",50,0)) -> 50 | T39: =IF(O39="Grounded",0,IF(O39="Partial",40,90)) -> 40 | U39: =ROUND((P39+Q39+R39+S39+(100-T39))/5,0) -> 52 | V39: =O39 -> Partial | W39: =IF(O39="Grounded","MISSION SUCCESS: The cargo bay remains sealed until the ship stops, preventing decompression and equipment loss.",IF(O39="Partial","MISSION PROTECTED: Response held for more evidence; Try New Mission.","RISK BLOCKED: Unsupported action prevented; Try New Mission.")) -> MISSION PROTECTED: Response held for more evidence; Try New Mission. | X39: =IF(O39="Grounded","MISSION SUCCESS + PROCESS WARNING; trust 70. The cargo bay remains sealed until the ship stops, preventing decompression and equipment loss.",IF(O39="Partial","MISSION DELAYED; trust 35. The crew pauses the cargo operation while confirming the ship-speed requirement.","GAME OVER; trust 5. The cargo bay opens at cruise speed, causing rapid decompression and the loss of critical equipment.")) -> MISSION DELAYED; trust 35. The crew pauses the cargo operation while confirming the ship-speed requirement. | Y39: =O39&" answer | Retrieval "&P39&"% | Ranking "&Q39&"% | Grounding "&R39&"% | Citation "&S39&"% | Hallucination Risk "&T39&"% | Trust "&U39&"%" -> Partial answer | Retrieval 50% | Ranking 40% | Grounding 60% | Citation 50% | Hallucination Risk 40% | Trust 52% | AA39: Not Run
A40: R-cargo_bay-11 | B40: cargo_bay | C40: Cargo Bay Safety Check | D40: Can we open the exterior cargo bay while the ship is moving at cruise speed? | E40: K2 | F40: cruise_speed_status: Cruise mode keeps the ship moving above 5,000 kilometers per hour. | G40: D2 | H40: docking_clamps: Docking clamps engage automatically near a space station. | I40: K1 | J40: cargo_speed_requirement: Exterior cargo bay doors may open only when the ship speed is zero. | K40: D1 | L40: cargo_contents: The cargo bay stores repair drones and spare equipment. | M40: =IF(E40="K1",1,IF(G40="K1",2,IF(I40="K1",3,4))) -> 3 | N40: =IF(E40="K2",1,IF(G40="K2",2,IF(I40="K2",3,4))) -> 1 | O40: =IF(AND(M40<=2,N40<=2),"Grounded",IF(OR(M40<=2,N40<=2),"Partial","Risky")) -> Partial | P40: =IF(O40="Grounded",100,IF(O40="Partial",50,0)) -> 50 | Q40: =MAX(0,50-ABS(M40-1)*15)+MAX(0,50-ABS(N40-2)*15) -> 55 | R40: =IF(O40="Grounded",100,IF(O40="Partial",60,10)) -> 60 | S40: =IF(O40="Grounded",100,IF(O40="Partial",50,0)) -> 50 | T40: =IF(O40="Grounded",0,IF(O40="Partial",40,90)) -> 40 | U40: =ROUND((P40+Q40+R40+S40+(100-T40))/5,0) -> 55 | V40: =O40 -> Partial | W40: =IF(O40="Grounded","MISSION SUCCESS: The cargo bay remains sealed until the ship stops, preventing decompression and equipment loss.",IF(O40="Partial","MISSION PROTECTED: Response held for more evidence; Try New Mission.","RISK BLOCKED: Unsupported action prevented; Try New Mission.")) -> MISSION PROTECTED: Response held for more evidence; Try New Mission. | X40: =IF(O40="Grounded","MISSION SUCCESS + PROCESS WARNING; trust 70. The cargo bay remains sealed until the ship stops, preventing decompression and equipment loss.",IF(O40="Partial","MISSION DELAYED; trust 35. The crew pauses the cargo operation while confirming the ship-speed requirement.","GAME OVER; trust 5. The cargo bay opens at cruise speed, causing rapid decompression and the loss of critical equipment.")) -> MISSION DELAYED; trust 35. The crew pauses the cargo operation while confirming the ship-speed requirement. | Y40: =O40&" answer | Retrieval "&P40&"% | Ranking "&Q40&"% | Grounding "&R40&"% | Citation "&S40&"% | Hallucination Risk "&T40&"% | Trust "&U40&"%" -> Partial answer | Retrieval 50% | Ranking 55% | Grounding 60% | Citation 50% | Hallucination Risk 40% | Trust 55% | AA40: Not Run
A41: R-cargo_bay-12 | B41: cargo_bay | C41: Cargo Bay Safety Check | D41: Can we open the exterior cargo bay while the ship is moving at cruise speed? | E41: K2 | F41: cruise_speed_status: Cruise mode keeps the ship moving above 5,000 kilometers per hour. | G41: D2 | H41: docking_clamps: Docking clamps engage automatically near a space station. | I41: D1 | J41: cargo_contents: The cargo bay stores repair drones and spare equipment. | K41: K1 | L41: cargo_speed_requirement: Exterior cargo bay doors may open only when the ship speed is zero. | M41: =IF(E41="K1",1,IF(G41="K1",2,IF(I41="K1",3,4))) -> 4 | N41: =IF(E41="K2",1,IF(G41="K2",2,IF(I41="K2",3,4))) -> 1 | O41: =IF(AND(M41<=2,N41<=2),"Grounded",IF(OR(M41<=2,N41<=2),"Partial","Risky")) -> Partial | P41: =IF(O41="Grounded",100,IF(O41="Partial",50,0)) -> 50 | Q41: =MAX(0,50-ABS(M41-1)*15)+MAX(0,50-ABS(N41-2)*15) -> 40 | R41: =IF(O41="Grounded",100,IF(O41="Partial",60,10)) -> 60 | S41: =IF(O41="Grounded",100,IF(O41="Partial",50,0)) -> 50 | T41: =IF(O41="Grounded",0,IF(O41="Partial",40,90)) -> 40 | U41: =ROUND((P41+Q41+R41+S41+(100-T41))/5,0) -> 52 | V41: =O41 -> Partial | W41: =IF(O41="Grounded","MISSION SUCCESS: The cargo bay remains sealed until the ship stops, preventing decompression and equipment loss.",IF(O41="Partial","MISSION PROTECTED: Response held for more evidence; Try New Mission.","RISK BLOCKED: Unsupported action prevented; Try New Mission.")) -> MISSION PROTECTED: Response held for more evidence; Try New Mission. | X41: =IF(O41="Grounded","MISSION SUCCESS + PROCESS WARNING; trust 70. The cargo bay remains sealed until the ship stops, preventing decompression and equipment loss.",IF(O41="Partial","MISSION DELAYED; trust 35. The crew pauses the cargo operation while confirming the ship-speed requirement.","GAME OVER; trust 5. The cargo bay opens at cruise speed, causing rapid decompression and the loss of critical equipment.")) -> MISSION DELAYED; trust 35. The crew pauses the cargo operation while confirming the ship-speed requirement. | Y41: =O41&" answer | Retrieval "&P41&"% | Ranking "&Q41&"% | Grounding "&R41&"% | Citation "&S41&"% | Hallucination Risk "&T41&"% | Trust "&U41&"%" -> Partial answer | Retrieval 50% | Ranking 40% | Grounding 60% | Citation 50% | Hallucination Risk 40% | Trust 52% | AA41: Not Run
... A53: R-cargo_bay-24 | B53: cargo_bay | C53: Cargo Bay Safety Check | D53: Can we open the exterior cargo bay while the ship is moving at cruise speed? | E53: D2 | F53: docking_clamps: Docking clamps engage automatically near a space station. | G53: D1 | H53: cargo_contents: The cargo bay stores repair drones and spare equipment. | I53: K2 | J53: cruise_speed_status: Cruise mode keeps the ship moving above 5,000 kilometers per hour. | K53: K1 | L53: cargo_speed_requirement: Exterior cargo bay doors may open only when the ship speed is zero. | M53: =IF(E53="K1",1,IF(G53="K1",2,IF(I53="K1",3,4))) -> 4 | N53: =IF(E53="K2",1,IF(G53="K2",2,IF(I53="K2",3,4))) -> 3 | O53: =IF(AND(M53<=2,N53<=2),"Grounded",IF(OR(M53<=2,N53<=2),"Partial","Risky")) -> Risky | P53: =IF(O53="Grounded",100,IF(O53="Partial",50,0)) -> 0 | Q53: =MAX(0,50-ABS(M53-1)*15)+MAX(0,50-ABS(N53-2)*15) -> 40 | R53: =IF(O53="Grounded",100,IF(O53="Partial",60,10)) -> 10 | S53: =IF(O53="Grounded",100,IF(O53="Partial",50,0)) -> 0 | T53: =IF(O53="Grounded",0,IF(O53="Partial",40,90)) -> 90 | U53: =ROUND((P53+Q53+R53+S53+(100-T53))/5,0) -> 12 | V53: =O53 -> Risky | W53: =IF(O53="Grounded","MISSION SUCCESS: The cargo bay remains sealed until the ship stops, preventing decompression and equipment loss.",IF(O53="Partial","MISSION PROTECTED: Response held for more evidence; Try New Mission.","RISK BLOCKED: Unsupported action prevented; Try New Mission.")) -> RISK BLOCKED: Unsupported action prevented; Try New Mission. | X53: =IF(O53="Grounded","MISSION SUCCESS + PROCESS WARNING; trust 70. The cargo bay remains sealed until the ship stops, preventing decompression and equipment loss.",IF(O53="Partial","MISSION DELAYED; trust 35. The crew pauses the cargo operation while confirming the ship-speed requirement.","GAME OVER; trust 5. The cargo bay opens at cruise speed, causing rapid decompression and the loss of critical equipment.")) -> GAME OVER; trust 5. The cargo bay opens at cruise speed, causing rapid decompression and the loss of critical equipment. | Y53: =O53&" answer | Retrieval "&P53&"% | Ranking "&Q53&"% | Grounding "&R53&"% | Citation "&S53&"% | Hallucination Risk "&T53&"% | Trust "&U53&"%" -> Risky answer | Retrieval 0% | Ranking 40% | Grounding 10% | Citation 0% | Hallucination Risk 90% | Trust 12% | AA53: Not Run
A54: R-reactor_restart-01 | B54: reactor_restart | C54: Reactor Coolant Check | D54: Should we restart the main reactor while the coolant temperature warning is active? | E54: K1 | F54: reactor_restart_limit: The reactor may restart only when coolant temperature is below 70 degrees Celsius. | G54: K2 | H54: coolant_warning_threshold: The coolant warning activates when temperature rises above 90 degrees Celsius. | I54: D1 | J54: reactor_navigation_power: The main reactor supplies power to navigation and propulsion. | K54: D2 | L54: coolant_maintenance: The coolant pumps passed inspection during the previous maintenance cycle. | M54: =IF(E54="K1",1,IF(G54="K1",2,IF(I54="K1",3,4))) -> 1 | N54: =IF(E54="K2",1,IF(G54="K2",2,IF(I54="K2",3,4))) -> 2 | O54: =IF(AND(M54<=2,N54<=2),"Grounded",IF(OR(M54<=2,N54<=2),"Partial","Risky")) -> Grounded | P54: =IF(O54="Grounded",100,IF(O54="Partial",50,0)) -> 100 | Q54: =MAX(0,50-ABS(M54-1)*15)+MAX(0,50-ABS(N54-2)*15) -> 100 | R54: =IF(O54="Grounded",100,IF(O54="Partial",60,10)) -> 100 | S54: =IF(O54="Grounded",100,IF(O54="Partial",50,0)) -> 100 | T54: =IF(O54="Grounded",0,IF(O54="Partial",40,90)) -> 0 | U54: =ROUND((P54+Q54+R54+S54+(100-T54))/5,0) -> 100 | V54: =O54 -> Grounded | W54: =IF(O54="Grounded","MISSION SUCCESS: The reactor remains offline while the coolant system lowers the temperature, preventing an overheat emergency.",IF(O54="Partial","MISSION PROTECTED: Response held for more evidence; Try New Mission.","RISK BLOCKED: Unsupported action prevented; Try New Mission.")) -> MISSION SUCCESS: The reactor remains offline while the coolant system lowers the temperature, preventing an overheat emergency. | X54: =IF(O54="Grounded","MISSION SUCCESS + PROCESS WARNING; trust 70. The reactor remains offline while the coolant system lowers the temperature, preventing an overheat emergency.",IF(O54="Partial","MISSION DELAYED; trust 35. The crew postpones the restart while engineers verify the coolant temperature.","GAME OVER; trust 5. The reactor restarts while overheated, triggering a reactor fire and an emergency power shutdown.")) -> MISSION SUCCESS + PROCESS WARNING; trust 70. The reactor remains offline while the coolant system lowers the temperature, preventing an overheat emergency. | Y54: =O54&" answer | Retrieval "&P54&"% | Ranking "&Q54&"% | Grounding "&R54&"% | Citation "&S54&"% | Hallucination Risk "&T54&"% | Trust "&U54&"%" -> Grounded answer | Retrieval 100% | Ranking 100% | Grounding 100% | Citation 100% | Hallucination Risk 0% | Trust 100% | Z54: Success | AA54: Run
A55: R-reactor_restart-02 | B55: reactor_restart | C55: Reactor Coolant Check | D55: Should we restart the main reactor while the coolant temperature warning is active? | E55: K1 | F55: reactor_restart_limit: The reactor may restart only when coolant temperature is below 70 degrees Celsius. | G55: K2 | H55: coolant_warning_threshold: The coolant warning activates when temperature rises above 90 degrees Celsius. | I55: D2 | J55: coolant_maintenance: The coolant pumps passed inspection during the previous maintenance cycle. | K55: D1 | L55: reactor_navigation_power: The main reactor supplies power to navigation and propulsion. | M55: =IF(E55="K1",1,IF(G55="K1",2,IF(I55="K1",3,4))) -> 1 | N55: =IF(E55="K2",1,IF(G55="K2",2,IF(I55="K2",3,4))) -> 2 | O55: =IF(AND(M55<=2,N55<=2),"Grounded",IF(OR(M55<=2,N55<=2),"Partial","Risky")) -> Grounded | P55: =IF(O55="Grounded",100,IF(O55="Partial",50,0)) -> 100 | Q55: =MAX(0,50-ABS(M55-1)*15)+MAX(0,50-ABS(N55-2)*15) -> 100 | R55: =IF(O55="Grounded",100,IF(O55="Partial",60,10)) -> 100 | S55: =IF(O55="Grounded",100,IF(O55="Partial",50,0)) -> 100 | T55: =IF(O55="Grounded",0,IF(O55="Partial",40,90)) -> 0 | U55: =ROUND((P55+Q55+R55+S55+(100-T55))/5,0) -> 100 | V55: =O55 -> Grounded | W55: =IF(O55="Grounded","MISSION SUCCESS: The reactor remains offline while the coolant system lowers the temperature, preventing an overheat emergency.",IF(O55="Partial","MISSION PROTECTED: Response held for more evidence; Try New Mission.","RISK BLOCKED: Unsupported action prevented; Try New Mission.")) -> MISSION SUCCESS: The reactor remains offline while the coolant system lowers the temperature, preventing an overheat emergency. | X55: =IF(O55="Grounded","MISSION SUCCESS + PROCESS WARNING; trust 70. The reactor remains offline while the coolant system lowers the temperature, preventing an overheat emergency.",IF(O55="Partial","MISSION DELAYED; trust 35. The crew postpones the restart while engineers verify the coolant temperature.","GAME OVER; trust 5. The reactor restarts while overheated, triggering a reactor fire and an emergency power shutdown.")) -> MISSION SUCCESS + PROCESS WARNING; trust 70. The reactor remains offline while the coolant system lowers the temperature, preventing an overheat emergency. | Y55: =O55&" answer | Retrieval "&P55&"% | Ranking "&Q55&"% | Grounding "&R55&"% | Citation "&S55&"% | Hallucination Risk "&T55&"% | Trust "&U55&"%" -> Grounded answer | Retrieval 100% | Ranking 100% | Grounding 100% | Citation 100% | Hallucination Risk 0% | Trust 100% | AA55: Not Run
A56: R-reactor_restart-03 | B56: reactor_restart | C56: Reactor Coolant Check | D56: Should we restart the main reactor while the coolant temperature warning is active? | E56: K1 | F56: reactor_restart_limit: The reactor may restart only when coolant temperature is below 70 degrees Celsius. | G56: D1 | H56: reactor_navigation_power: The main reactor supplies power to navigation and propulsion. | I56: K2 | J56: coolant_warning_threshold: The coolant warning activates when temperature rises above 90 degrees Celsius. | K56: D2 | L56: coolant_maintenance: The coolant pumps passed inspection during the previous maintenance cycle. | M56: =IF(E56="K1",1,IF(G56="K1",2,IF(I56="K1",3,4))) -> 1 | N56: =IF(E56="K2",1,IF(G56="K2",2,IF(I56="K2",3,4))) -> 3 | O56: =IF(AND(M56<=2,N56<=2),"Grounded",IF(OR(M56<=2,N56<=2),"Partial","Risky")) -> Partial | P56: =IF(O56="Grounded",100,IF(O56="Partial",50,0)) -> 50 | Q56: =MAX(0,50-ABS(M56-1)*15)+MAX(0,50-ABS(N56-2)*15) -> 85 | R56: =IF(O56="Grounded",100,IF(O56="Partial",60,10)) -> 60 | S56: =IF(O56="Grounded",100,IF(O56="Partial",50,0)) -> 50 | T56: =IF(O56="Grounded",0,IF(O56="Partial",40,90)) -> 40 | U56: =ROUND((P56+Q56+R56+S56+(100-T56))/5,0) -> 61 | V56: =O56 -> Partial | W56: =IF(O56="Grounded","MISSION SUCCESS: The reactor remains offline while the coolant system lowers the temperature, preventing an overheat emergency.",IF(O56="Partial","MISSION PROTECTED: Response held for more evidence; Try New Mission.","RISK BLOCKED: Unsupported action prevented; Try New Mission.")) -> MISSION PROTECTED: Response held for more evidence; Try New Mission. | X56: =IF(O56="Grounded","MISSION SUCCESS + PROCESS WARNING; trust 70. The reactor remains offline while the coolant system lowers the temperature, preventing an overheat emergency.",IF(O56="Partial","MISSION DELAYED; trust 35. The crew postpones the restart while engineers verify the coolant temperature.","GAME OVER; trust 5. The reactor restarts while overheated, triggering a reactor fire and an emergency power shutdown.")) -> MISSION DELAYED; trust 35. The crew postpones the restart while engineers verify the coolant temperature. | Y56: =O56&" answer | Retrieval "&P56&"% | Ranking "&Q56&"% | Grounding "&R56&"% | Citation "&S56&"% | Hallucination Risk "&T56&"% | Trust "&U56&"%" -> Partial answer | Retrieval 50% | Ranking 85% | Grounding 60% | Citation 50% | Hallucination Risk 40% | Trust 61% | AA56: Not Run
A57: R-reactor_restart-04 | B57: reactor_restart | C57: Reactor Coolant Check | D57: Should we restart the main reactor while the coolant temperature warning is active? | E57: K1 | F57: reactor_restart_limit: The reactor may restart only when coolant temperature is below 70 degrees Celsius. | G57: D1 | H57: reactor_navigation_power: The main reactor supplies power to navigation and propulsion. | I57: D2 | J57: coolant_maintenance: The coolant pumps passed inspection during the previous maintenance cycle. | K57: K2 | L57: coolant_warning_threshold: The coolant warning activates when temperature rises above 90 degrees Celsius. | M57: =IF(E57="K1",1,IF(G57="K1",2,IF(I57="K1",3,4))) -> 1 | N57: =IF(E57="K2",1,IF(G57="K2",2,IF(I57="K2",3,4))) -> 4 | O57: =IF(AND(M57<=2,N57<=2),"Grounded",IF(OR(M57<=2,N57<=2),"Partial","Risky")) -> Partial | P57: =IF(O57="Grounded",100,IF(O57="Partial",50,0)) -> 50 | Q57: =MAX(0,50-ABS(M57-1)*15)+MAX(0,50-ABS(N57-2)*15) -> 70 | R57: =IF(O57="Grounded",100,IF(O57="Partial",60,10)) -> 60 | S57: =IF(O57="Grounded",100,IF(O57="Partial",50,0)) -> 50 | T57: =IF(O57="Grounded",0,IF(O57="Partial",40,90)) -> 40 | U57: =ROUND((P57+Q57+R57+S57+(100-T57))/5,0) -> 58 | V57: =O57 -> Partial | W57: =IF(O57="Grounded","MISSION SUCCESS: The reactor remains offline while the coolant system lowers the temperature, preventing an overheat emergency.",IF(O57="Partial","MISSION PROTECTED: Response held for more evidence; Try New Mission.","RISK BLOCKED: Unsupported action prevented; Try New Mission.")) -> MISSION PROTECTED: Response held for more evidence; Try New Mission. | X57: =IF(O57="Grounded","MISSION SUCCESS + PROCESS WARNING; trust 70. The reactor remains offline while the coolant system lowers the temperature, preventing an overheat emergency.",IF(O57="Partial","MISSION DELAYED; trust 35. The crew postpones the restart while engineers verify the coolant temperature.","GAME OVER; trust 5. The reactor restarts while overheated, triggering a reactor fire and an emergency power shutdown.")) -> MISSION DELAYED; trust 35. The crew postpones the restart while engineers verify the coolant temperature. | Y57: =O57&" answer | Retrieval "&P57&"% | Ranking "&Q57&"% | Grounding "&R57&"% | Citation "&S57&"% | Hallucination Risk "&T57&"% | Trust "&U57&"%" -> Partial answer | Retrieval 50% | Ranking 70% | Grounding 60% | Citation 50% | Hallucination Risk 40% | Trust 58% | AA57: Not Run
A58: R-reactor_restart-05 | B58: reactor_restart | C58: Reactor Coolant Check | D58: Should we restart the main reactor while the coolant temperature warning is active? | E58: K1 | F58: reactor_restart_limit: The reactor may restart only when coolant temperature is below 70 degrees Celsius. | G58: D2 | H58: coolant_maintenance: The coolant pumps passed inspection during the previous maintenance cycle. | I58: K2 | J58: coolant_warning_threshold: The coolant warning activates when temperature rises above 90 degrees Celsius. | K58: D1 | L58: reactor_navigation_power: The main reactor supplies power to navigation and propulsion. | M58: =IF(E58="K1",1,IF(G58="K1",2,IF(I58="K1",3,4))) -> 1 | N58: =IF(E58="K2",1,IF(G58="K2",2,IF(I58="K2",3,4))) -> 3 | O58: =IF(AND(M58<=2,N58<=2),"Grounded",IF(OR(M58<=2,N58<=2),"Partial","Risky")) -> Partial | P58: =IF(O58="Grounded",100,IF(O58="Partial",50,0)) -> 50 | Q58: =MAX(0,50-ABS(M58-1)*15)+MAX(0,50-ABS(N58-2)*15) -> 85 | R58: =IF(O58="Grounded",100,IF(O58="Partial",60,10)) -> 60 | S58: =IF(O58="Grounded",100,IF(O58="Partial",50,0)) -> 50 | T58: =IF(O58="Grounded",0,IF(O58="Partial",40,90)) -> 40 | U58: =ROUND((P58+Q58+R58+S58+(100-T58))/5,0) -> 61 | V58: =O58 -> Partial | W58: =IF(O58="Grounded","MISSION SUCCESS: The reactor remains offline while the coolant system lowers the temperature, preventing an overheat emergency.",IF(O58="Partial","MISSION PROTECTED: Response held for more evidence; Try New Mission.","RISK BLOCKED: Unsupported action prevented; Try New Mission.")) -> MISSION PROTECTED: Response held for more evidence; Try New Mission. | X58: =IF(O58="Grounded","MISSION SUCCESS + PROCESS WARNING; trust 70. The reactor remains offline while the coolant system lowers the temperature, preventing an overheat emergency.",IF(O58="Partial","MISSION DELAYED; trust 35. The crew postpones the restart while engineers verify the coolant temperature.","GAME OVER; trust 5. The reactor restarts while overheated, triggering a reactor fire and an emergency power shutdown.")) -> MISSION DELAYED; trust 35. The crew postpones the restart while engineers verify the coolant temperature. | Y58: =O58&" answer | Retrieval "&P58&"% | Ranking "&Q58&"% | Grounding "&R58&"% | Citation "&S58&"% | Hallucination Risk "&T58&"% | Trust "&U58&"%" -> Partial answer | Retrieval 50% | Ranking 85% | Grounding 60% | Citation 50% | Hallucination Risk 40% | Trust 61% | AA58: Not Run
A59: R-reactor_restart-06 | B59: reactor_restart | C59: Reactor Coolant Check | D59: Should we restart the main reactor while the coolant temperature warning is active? | E59: K1 | F59: reactor_restart_limit: The reactor may restart only when coolant temperature is below 70 degrees Celsius. | G59: D2 | H59: coolant_maintenance: The coolant pumps passed inspection during the previous maintenance cycle. | I59: D1 | J59: reactor_navigation_power: The main reactor supplies power to navigation and propulsion. | K59: K2 | L59: coolant_warning_threshold: The coolant warning activates when temperature rises above 90 degrees Celsius. | M59: =IF(E59="K1",1,IF(G59="K1",2,IF(I59="K1",3,4))) -> 1 | N59: =IF(E59="K2",1,IF(G59="K2",2,IF(I59="K2",3,4))) -> 4 | O59: =IF(AND(M59<=2,N59<=2),"Grounded",IF(OR(M59<=2,N59<=2),"Partial","Risky")) -> Partial | P59: =IF(O59="Grounded",100,IF(O59="Partial",50,0)) -> 50 | Q59: =MAX(0,50-ABS(M59-1)*15)+MAX(0,50-ABS(N59-2)*15) -> 70 | R59: =IF(O59="Grounded",100,IF(O59="Partial",60,10)) -> 60 | S59: =IF(O59="Grounded",100,IF(O59="Partial",50,0)) -> 50 | T59: =IF(O59="Grounded",0,IF(O59="Partial",40,90)) -> 40 | U59: =ROUND((P59+Q59+R59+S59+(100-T59))/5,0) -> 58 | V59: =O59 -> Partial | W59: =IF(O59="Grounded","MISSION SUCCESS: The reactor remains offline while the coolant system lowers the temperature, preventing an overheat emergency.",IF(O59="Partial","MISSION PROTECTED: Response held for more evidence; Try New Mission.","RISK BLOCKED: Unsupported action prevented; Try New Mission.")) -> MISSION PROTECTED: Response held for more evidence; Try New Mission. | X59: =IF(O59="Grounded","MISSION SUCCESS + PROCESS WARNING; trust 70. The reactor remains offline while the coolant system lowers the temperature, preventing an overheat emergency.",IF(O59="Partial","MISSION DELAYED; trust 35. The crew postpones the restart while engineers verify the coolant temperature.","GAME OVER; trust 5. The reactor restarts while overheated, triggering a reactor fire and an emergency power shutdown.")) -> MISSION DELAYED; trust 35. The crew postpones the restart while engineers verify the coolant temperature. | Y59: =O59&" answer | Retrieval "&P59&"% | Ranking "&Q59&"% | Grounding "&R59&"% | Citation "&S59&"% | Hallucination Risk "&T59&"% | Trust "&U59&"%" -> Partial answer | Retrieval 50% | Ranking 70% | Grounding 60% | Citation 50% | Hallucination Risk 40% | Trust 58% | AA59: Not Run
A60: R-reactor_restart-07 | B60: reactor_restart | C60: Reactor Coolant Check | D60: Should we restart the main reactor while the coolant temperature warning is active? | E60: K2 | F60: coolant_warning_threshold: The coolant warning activates when temperature rises above 90 degrees Celsius. | G60: K1 | H60: reactor_restart_limit: The reactor may restart only when coolant temperature is below 70 degrees Celsius. | I60: D1 | J60: reactor_navigation_power: The main reactor supplies power to navigation and propulsion. | K60: D2 | L60: coolant_maintenance: The coolant pumps passed inspection during the previous maintenance cycle. | M60: =IF(E60="K1",1,IF(G60="K1",2,IF(I60="K1",3,4))) -> 2 | N60: =IF(E60="K2",1,IF(G60="K2",2,IF(I60="K2",3,4))) -> 1 | O60: =IF(AND(M60<=2,N60<=2),"Grounded",IF(OR(M60<=2,N60<=2),"Partial","Risky")) -> Grounded | P60: =IF(O60="Grounded",100,IF(O60="Partial",50,0)) -> 100 | Q60: =MAX(0,50-ABS(M60-1)*15)+MAX(0,50-ABS(N60-2)*15) -> 70 | R60: =IF(O60="Grounded",100,IF(O60="Partial",60,10)) -> 100 | S60: =IF(O60="Grounded",100,IF(O60="Partial",50,0)) -> 100 | T60: =IF(O60="Grounded",0,IF(O60="Partial",40,90)) -> 0 | U60: =ROUND((P60+Q60+R60+S60+(100-T60))/5,0) -> 94 | V60: =O60 -> Grounded | W60: =IF(O60="Grounded","MISSION SUCCESS: The reactor remains offline while the coolant system lowers the temperature, preventing an overheat emergency.",IF(O60="Partial","MISSION PROTECTED: Response held for more evidence; Try New Mission.","RISK BLOCKED: Unsupported action prevented; Try New Mission.")) -> MISSION SUCCESS: The reactor remains offline while the coolant system lowers the temperature, preventing an overheat emergency. | X60: =IF(O60="Grounded","MISSION SUCCESS + PROCESS WARNING; trust 70. The reactor remains offline while the coolant system lowers the temperature, preventing an overheat emergency.",IF(O60="Partial","MISSION DELAYED; trust 35. The crew postpones the restart while engineers verify the coolant temperature.","GAME OVER; trust 5. The reactor restarts while overheated, triggering a reactor fire and an emergency power shutdown.")) -> MISSION SUCCESS + PROCESS WARNING; trust 70. The reactor remains offline while the coolant system lowers the temperature, preventing an overheat emergency. | Y60: =O60&" answer | Retrieval "&P60&"% | Ranking "&Q60&"% | Grounding "&R60&"% | Citation "&S60&"% | Hallucination Risk "&T60&"% | Trust "&U60&"%" -> Grounded answer | Retrieval 100% | Ranking 70% | Grounding 100% | Citation 100% | Hallucination Risk 0% | Trust 94% | AA60: Not Run
A61: R-reactor_restart-08 | B61: reactor_restart | C61: Reactor Coolant Check | D61: Should we restart the main reactor while the coolant temperature warning is active? | E61: K2 | F61: coolant_warning_threshold: The coolant warning activates when temperature rises above 90 degrees Celsius. | G61: K1 | H61: reactor_restart_limit: The reactor may restart only when coolant temperature is below 70 degrees Celsius. | I61: D2 | J61: coolant_maintenance: The coolant pumps passed inspection during the previous maintenance cycle. | K61: D1 | L61: reactor_navigation_power: The main reactor supplies power to navigation and propulsion. | M61: =IF(E61="K1",1,IF(G61="K1",2,IF(I61="K1",3,4))) -> 2 | N61: =IF(E61="K2",1,IF(G61="K2",2,IF(I61="K2",3,4))) -> 1 | O61: =IF(AND(M61<=2,N61<=2),"Grounded",IF(OR(M61<=2,N61<=2),"Partial","Risky")) -> Grounded | P61: =IF(O61="Grounded",100,IF(O61="Partial",50,0)) -> 100 | Q61: =MAX(0,50-ABS(M61-1)*15)+MAX(0,50-ABS(N61-2)*15) -> 70 | R61: =IF(O61="Grounded",100,IF(O61="Partial",60,10)) -> 100 | S61: =IF(O61="Grounded",100,IF(O61="Partial",50,0)) -> 100 | T61: =IF(O61="Grounded",0,IF(O61="Partial",40,90)) -> 0 | U61: =ROUND((P61+Q61+R61+S61+(100-T61))/5,0) -> 94 | V61: =O61 -> Grounded | W61: =IF(O61="Grounded","MISSION SUCCESS: The reactor remains offline while the coolant system lowers the temperature, preventing an overheat emergency.",IF(O61="Partial","MISSION PROTECTED: Response held for more evidence; Try New Mission.","RISK BLOCKED: Unsupported action prevented; Try New Mission.")) -> MISSION SUCCESS: The reactor remains offline while the coolant system lowers the temperature, preventing an overheat emergency. | X61: =IF(O61="Grounded","MISSION SUCCESS + PROCESS WARNING; trust 70. The reactor remains offline while the coolant system lowers the temperature, preventing an overheat emergency.",IF(O61="Partial","MISSION DELAYED; trust 35. The crew postpones the restart while engineers verify the coolant temperature.","GAME OVER; trust 5. The reactor restarts while overheated, triggering a reactor fire and an emergency power shutdown.")) -> MISSION SUCCESS + PROCESS WARNING; trust 70. The reactor remains offline while the coolant system lowers the temperature, preventing an overheat emergency. | Y61: =O61&" answer | Retrieval "&P61&"% | Ranking "&Q61&"% | Grounding "&R61&"% | Citation "&S61&"% | Hallucination Risk "&T61&"% | Trust "&U61&"%" -> Grounded answer | Retrieval 100% | Ranking 70% | Grounding 100% | Citation 100% | Hallucination Risk 0% | Trust 94% | AA61: Not Run
A62: R-reactor_restart-09 | B62: reactor_restart | C62: Reactor Coolant Check | D62: Should we restart the main reactor while the coolant temperature warning is active? | E62: K2 | F62: coolant_warning_threshold: The coolant warning activates when temperature rises above 90 degrees Celsius. | G62: D1 | H62: reactor_navigation_power: The main reactor supplies power to navigation and propulsion. | I62: K1 | J62: reactor_restart_limit: The reactor may restart only when coolant temperature is below 70 degrees Celsius. | K62: D2 | L62: coolant_maintenance: The coolant pumps passed inspection during the previous maintenance cycle. | M62: =IF(E62="K1",1,IF(G62="K1",2,IF(I62="K1",3,4))) -> 3 | N62: =IF(E62="K2",1,IF(G62="K2",2,IF(I62="K2",3,4))) -> 1 | O62: =IF(AND(M62<=2,N62<=2),"Grounded",IF(OR(M62<=2,N62<=2),"Partial","Risky")) -> Partial | P62: =IF(O62="Grounded",100,IF(O62="Partial",50,0)) -> 50 | Q62: =MAX(0,50-ABS(M62-1)*15)+MAX(0,50-ABS(N62-2)*15) -> 55 | R62: =IF(O62="Grounded",100,IF(O62="Partial",60,10)) -> 60 | S62: =IF(O62="Grounded",100,IF(O62="Partial",50,0)) -> 50 | T62: =IF(O62="Grounded",0,IF(O62="Partial",40,90)) -> 40 | U62: =ROUND((P62+Q62+R62+S62+(100-T62))/5,0) -> 55 | V62: =O62 -> Partial | W62: =IF(O62="Grounded","MISSION SUCCESS: The reactor remains offline while the coolant system lowers the temperature, preventing an overheat emergency.",IF(O62="Partial","MISSION PROTECTED: Response held for more evidence; Try New Mission.","RISK BLOCKED: Unsupported action prevented; Try New Mission.")) -> MISSION PROTECTED: Response held for more evidence; Try New Mission. | X62: =IF(O62="Grounded","MISSION SUCCESS + PROCESS WARNING; trust 70. The reactor remains offline while the coolant system lowers the temperature, preventing an overheat emergency.",IF(O62="Partial","MISSION DELAYED; trust 35. The crew postpones the restart while engineers verify the coolant temperature.","GAME OVER; trust 5. The reactor restarts while overheated, triggering a reactor fire and an emergency power shutdown.")) -> MISSION DELAYED; trust 35. The crew postpones the restart while engineers verify the coolant temperature. | Y62: =O62&" answer | Retrieval "&P62&"% | Ranking "&Q62&"% | Grounding "&R62&"% | Citation "&S62&"% | Hallucination Risk "&T62&"% | Trust "&U62&"%" -> Partial answer | Retrieval 50% | Ranking 55% | Grounding 60% | Citation 50% | Hallucination Risk 40% | Trust 55% | AA62: Not Run
A63: R-reactor_restart-10 | B63: reactor_restart | C63: Reactor Coolant Check | D63: Should we restart the main reactor while the coolant temperature warning is active? | E63: K2 | F63: coolant_warning_threshold: The coolant warning activates when temperature rises above 90 degrees Celsius. | G63: D1 | H63: reactor_navigation_power: The main reactor supplies power to navigation and propulsion. | I63: D2 | J63: coolant_maintenance: The coolant pumps passed inspection during the previous maintenance cycle. | K63: K1 | L63: reactor_restart_limit: The reactor may restart only when coolant temperature is below 70 degrees Celsius. | M63: =IF(E63="K1",1,IF(G63="K1",2,IF(I63="K1",3,4))) -> 4 | N63: =IF(E63="K2",1,IF(G63="K2",2,IF(I63="K2",3,4))) -> 1 | O63: =IF(AND(M63<=2,N63<=2),"Grounded",IF(OR(M63<=2,N63<=2),"Partial","Risky")) -> Partial | P63: =IF(O63="Grounded",100,IF(O63="Partial",50,0)) -> 50 | Q63: =MAX(0,50-ABS(M63-1)*15)+MAX(0,50-ABS(N63-2)*15) -> 40 | R63: =IF(O63="Grounded",100,IF(O63="Partial",60,10)) -> 60 | S63: =IF(O63="Grounded",100,IF(O63="Partial",50,0)) -> 50 | T63: =IF(O63="Grounded",0,IF(O63="Partial",40,90)) -> 40 | U63: =ROUND((P63+Q63+R63+S63+(100-T63))/5,0) -> 52 | V63: =O63 -> Partial | W63: =IF(O63="Grounded","MISSION SUCCESS: The reactor remains offline while the coolant system lowers the temperature, preventing an overheat emergency.",IF(O63="Partial","MISSION PROTECTED: Response held for more evidence; Try New Mission.","RISK BLOCKED: Unsupported action prevented; Try New Mission.")) -> MISSION PROTECTED: Response held for more evidence; Try New Mission. | X63: =IF(O63="Grounded","MISSION SUCCESS + PROCESS WARNING; trust 70. The reactor remains offline while the coolant system lowers the temperature, preventing an overheat emergency.",IF(O63="Partial","MISSION DELAYED; trust 35. The crew postpones the restart while engineers verify the coolant temperature.","GAME OVER; trust 5. The reactor restarts while overheated, triggering a reactor fire and an emergency power shutdown.")) -> MISSION DELAYED; trust 35. The crew postpones the restart while engineers verify the coolant temperature. | Y63: =O63&" answer | Retrieval "&P63&"% | Ranking "&Q63&"% | Grounding "&R63&"% | Citation "&S63&"% | Hallucination Risk "&T63&"% | Trust "&U63&"%" -> Partial answer | Retrieval 50% | Ranking 40% | Grounding 60% | Citation 50% | Hallucination Risk 40% | Trust 52% | AA63: Not Run
A64: R-reactor_restart-11 | B64: reactor_restart | C64: Reactor Coolant Check | D64: Should we restart the main reactor while the coolant temperature warning is active? | E64: K2 | F64: coolant_warning_threshold: The coolant warning activates when temperature rises above 90 degrees Celsius. | G64: D2 | H64: coolant_maintenance: The coolant pumps passed inspection during the previous maintenance cycle. | I64: K1 | J64: reactor_restart_limit: The reactor may restart only when coolant temperature is below 70 degrees Celsius. | K64: D1 | L64: reactor_navigation_power: The main reactor supplies power to navigation and propulsion. | M64: =IF(E64="K1",1,IF(G64="K1",2,IF(I64="K1",3,4))) -> 3 | N64: =IF(E64="K2",1,IF(G64="K2",2,IF(I64="K2",3,4))) -> 1 | O64: =IF(AND(M64<=2,N64<=2),"Grounded",IF(OR(M64<=2,N64<=2),"Partial","Risky")) -> Partial | P64: =IF(O64="Grounded",100,IF(O64="Partial",50,0)) -> 50 | Q64: =MAX(0,50-ABS(M64-1)*15)+MAX(0,50-ABS(N64-2)*15) -> 55 | R64: =IF(O64="Grounded",100,IF(O64="Partial",60,10)) -> 60 | S64: =IF(O64="Grounded",100,IF(O64="Partial",50,0)) -> 50 | T64: =IF(O64="Grounded",0,IF(O64="Partial",40,90)) -> 40 | U64: =ROUND((P64+Q64+R64+S64+(100-T64))/5,0) -> 55 | V64: =O64 -> Partial | W64: =IF(O64="Grounded","MISSION SUCCESS: The reactor remains offline while the coolant system lowers the temperature, preventing an overheat emergency.",IF(O64="Partial","MISSION PROTECTED: Response held for more evidence; Try New Mission.","RISK BLOCKED: Unsupported action prevented; Try New Mission.")) -> MISSION PROTECTED: Response held for more evidence; Try New Mission. | X64: =IF(O64="Grounded","MISSION SUCCESS + PROCESS WARNING; trust 70. The reactor remains offline while the coolant system lowers the temperature, preventing an overheat emergency.",IF(O64="Partial","MISSION DELAYED; trust 35. The crew postpones the restart while engineers verify the coolant temperature.","GAME OVER; trust 5. The reactor restarts while overheated, triggering a reactor fire and an emergency power shutdown.")) -> MISSION DELAYED; trust 35. The crew postpones the restart while engineers verify the coolant temperature. | Y64: =O64&" answer | Retrieval "&P64&"% | Ranking "&Q64&"% | Grounding "&R64&"% | Citation "&S64&"% | Hallucination Risk "&T64&"% | Trust "&U64&"%" -> Partial answer | Retrieval 50% | Ranking 55% | Grounding 60% | Citation 50% | Hallucination Risk 40% | Trust 55% | AA64: Not Run
A65: R-reactor_restart-12 | B65: reactor_restart | C65: Reactor Coolant Check | D65: Should we restart the main reactor while the coolant temperature warning is active? | E65: K2 | F65: coolant_warning_threshold: The coolant warning activates when temperature rises above 90 degrees Celsius. | G65: D2 | H65: coolant_maintenance: The coolant pumps passed inspection during the previous maintenance cycle. | I65: D1 | J65: reactor_navigation_power: The main reactor supplies power to navigation and propulsion. | K65: K1 | L65: reactor_restart_limit: The reactor may restart only when coolant temperature is below 70 degrees Celsius. | M65: =IF(E65="K1",1,IF(G65="K1",2,IF(I65="K1",3,4))) -> 4 | N65: =IF(E65="K2",1,IF(G65="K2",2,IF(I65="K2",3,4))) -> 1 | O65: =IF(AND(M65<=2,N65<=2),"Grounded",IF(OR(M65<=2,N65<=2),"Partial","Risky")) -> Partial | P65: =IF(O65="Grounded",100,IF(O65="Partial",50,0)) -> 50 | Q65: =MAX(0,50-ABS(M65-1)*15)+MAX(0,50-ABS(N65-2)*15) -> 40 | R65: =IF(O65="Grounded",100,IF(O65="Partial",60,10)) -> 60 | S65: =IF(O65="Grounded",100,IF(O65="Partial",50,0)) -> 50 | T65: =IF(O65="Grounded",0,IF(O65="Partial",40,90)) -> 40 | U65: =ROUND((P65+Q65+R65+S65+(100-T65))/5,0) -> 52 | V65: =O65 -> Partial | W65: =IF(O65="Grounded","MISSION SUCCESS: The reactor remains offline while the coolant system lowers the temperature, preventing an overheat emergency.",IF(O65="Partial","MISSION PROTECTED: Response held for more evidence; Try New Mission.","RISK BLOCKED: Unsupported action prevented; Try New Mission.")) -> MISSION PROTECTED: Response held for more evidence; Try New Mission. | X65: =IF(O65="Grounded","MISSION SUCCESS + PROCESS WARNING; trust 70. The reactor remains offline while the coolant system lowers the temperature, preventing an overheat emergency.",IF(O65="Partial","MISSION DELAYED; trust 35. The crew postpones the restart while engineers verify the coolant temperature.","GAME OVER; trust 5. The reactor restarts while overheated, triggering a reactor fire and an emergency power shutdown.")) -> MISSION DELAYED; trust 35. The crew postpones the restart while engineers verify the coolant temperature. | Y65: =O65&" answer | Retrieval "&P65&"% | Ranking "&Q65&"% | Grounding "&R65&"% | Citation "&S65&"% | Hallucination Risk "&T65&"% | Trust "&U65&"%" -> Partial answer | Retrieval 50% | Ranking 40% | Grounding 60% | Citation 50% | Hallucination Risk 40% | Trust 52% | AA65: Not Run
A66: R-reactor_restart-13 | B66: reactor_restart | C66: Reactor Coolant Check | D66: Should we restart the main reactor while the coolant temperature warning is active? | E66: D1 | F66: reactor_navigation_power: The main reactor supplies power to navigation and propulsion. | G66: K1 | H66: reactor_restart_limit: The reactor may restart only when coolant temperature is below 70 degrees Celsius. | I66: K2 | J66: coolant_warning_threshold: The coolant warning activates when temperature rises above 90 degrees Celsius. | K66: D2 | L66: coolant_maintenance: The coolant pumps passed inspection during the previous maintenance cycle. | M66: =IF(E66="K1",1,IF(G66="K1",2,IF(I66="K1",3,4))) -> 2 | N66: =IF(E66="K2",1,IF(G66="K2",2,IF(I66="K2",3,4))) -> 3 | O66: =IF(AND(M66<=2,N66<=2),"Grounded",IF(OR(M66<=2,N66<=2),"Partial","Risky")) -> Partial | P66: =IF(O66="Grounded",100,IF(O66="Partial",50,0)) -> 50 | Q66: =MAX(0,50-ABS(M66-1)*15)+MAX(0,50-ABS(N66-2)*15) -> 70 | R66: =IF(O66="Grounded",100,IF(O66="Partial",60,10)) -> 60 | S66: =IF(O66="Grounded",100,IF(O66="Partial",50,0)) -> 50 | T66: =IF(O66="Grounded",0,IF(O66="Partial",40,90)) -> 40 | U66: =ROUND((P66+Q66+R66+S66+(100-T66))/5,0) -> 58 | V66: =O66 -> Partial | W66: =IF(O66="Grounded","MISSION SUCCESS: The reactor remains offline while the coolant system lowers the temperature, preventing an overheat emergency.",IF(O66="Partial","MISSION PROTECTED: Response held for more evidence; Try New Mission.","RISK BLOCKED: Unsupported action prevented; Try New Mission.")) -> MISSION PROTECTED: Response held for more evidence; Try New Mission. | X66: =IF(O66="Grounded","MISSION SUCCESS + PROCESS WARNING; trust 70. The reactor remains offline while the coolant system lowers the temperature, preventing an overheat emergency.",IF(O66="Partial","MISSION DELAYED; trust 35. The crew postpones the restart while engineers verify the coolant temperature.","GAME OVER; trust 5. The reactor restarts while overheated, triggering a reactor fire and an emergency power shutdown.")) -> MISSION DELAYED; trust 35. The crew postpones the restart while engineers verify the coolant temperature. | Y66: =O66&" answer | Retrieval "&P66&"% | Ranking "&Q66&"% | Grounding "&R66&"% | Citation "&S66&"% | Hallucination Risk "&T66&"% | Trust "&U66&"%" -> Partial answer | Retrieval 50% | Ranking 70% | Grounding 60% | Citation 50% | Hallucination Risk 40% | Trust 58% | AA66: Not Run
... A77: R-reactor_restart-24 | B77: reactor_restart | C77: Reactor Coolant Check | D77: Should we restart the main reactor while the coolant temperature warning is active? | E77: D2 | F77: coolant_maintenance: The coolant pumps passed inspection during the previous maintenance cycle. | G77: D1 | H77: reactor_navigation_power: The main reactor supplies power to navigation and propulsion. | I77: K2 | J77: coolant_warning_threshold: The coolant warning activates when temperature rises above 90 degrees Celsius. | K77: K1 | L77: reactor_restart_limit: The reactor may restart only when coolant temperature is below 70 degrees Celsius. | M77: =IF(E77="K1",1,IF(G77="K1",2,IF(I77="K1",3,4))) -> 4 | N77: =IF(E77="K2",1,IF(G77="K2",2,IF(I77="K2",3,4))) -> 3 | O77: =IF(AND(M77<=2,N77<=2),"Grounded",IF(OR(M77<=2,N77<=2),"Partial","Risky")) -> Risky | P77: =IF(O77="Grounded",100,IF(O77="Partial",50,0)) -> 0 | Q77: =MAX(0,50-ABS(M77-1)*15)+MAX(0,50-ABS(N77-2)*15) -> 40 | R77: =IF(O77="Grounded",100,IF(O77="Partial",60,10)) -> 10 | S77: =IF(O77="Grounded",100,IF(O77="Partial",50,0)) -> 0 | T77: =IF(O77="Grounded",0,IF(O77="Partial",40,90)) -> 90 | U77: =ROUND((P77+Q77+R77+S77+(100-T77))/5,0) -> 12 | V77: =O77 -> Risky | W77: =IF(O77="Grounded","MISSION SUCCESS: The reactor remains offline while the coolant system lowers the temperature, preventing an overheat emergency.",IF(O77="Partial","MISSION PROTECTED: Response held for more evidence; Try New Mission.","RISK BLOCKED: Unsupported action prevented; Try New Mission.")) -> RISK BLOCKED: Unsupported action prevented; Try New Mission. | X77: =IF(O77="Grounded","MISSION SUCCESS + PROCESS WARNING; trust 70. The reactor remains offline while the coolant system lowers the temperature, preventing an overheat emergency.",IF(O77="Partial","MISSION DELAYED; trust 35. The crew postpones the restart while engineers verify the coolant temperature.","GAME OVER; trust 5. The reactor restarts while overheated, triggering a reactor fire and an emergency power shutdown.")) -> GAME OVER; trust 5. The reactor restarts while overheated, triggering a reactor fire and an emergency power shutdown. | Y77: =O77&" answer | Retrieval "&P77&"% | Ranking "&Q77&"% | Grounding "&R77&"% | Citation "&S77&"% | Hallucination Risk "&T77&"% | Trust "&U77&"%" -> Risky answer | Retrieval 0% | Ranking 40% | Grounding 10% | Citation 0% | Hallucination Risk 90% | Trust 12% | AA77: Not Run
A78: R-eva_thrusters-01 | B78: eva_thrusters | C78: EVA Thruster Safety | D78: Can we fire the maneuvering thrusters while a technician is working outside the ship? | E78: K1 | F78: thruster_eva_lockout: Maneuvering thrusters must remain locked when EVA personnel are inside the thruster safety zone. | G78: K2 | H78: technician_beacon: The technician's suit beacon currently reports a position inside the thruster safety zone. | I78: D1 | J78: spacesuit_oxygen: The technician's spacesuit has 90 minutes of oxygen remaining. | K78: D2 | L78: thruster_docking_use: Maneuvering thrusters are normally used during docking operations. | M78: =IF(E78="K1",1,IF(G78="K1",2,IF(I78="K1",3,4))) -> 1 | N78: =IF(E78="K2",1,IF(G78="K2",2,IF(I78="K2",3,4))) -> 2 | O78: =IF(AND(M78<=2,N78<=2),"Grounded",IF(OR(M78<=2,N78<=2),"Partial","Risky")) -> Grounded | P78: =IF(O78="Grounded",100,IF(O78="Partial",50,0)) -> 100 | Q78: =MAX(0,50-ABS(M78-1)*15)+MAX(0,50-ABS(N78-2)*15) -> 100 | R78: =IF(O78="Grounded",100,IF(O78="Partial",60,10)) -> 100 | S78: =IF(O78="Grounded",100,IF(O78="Partial",50,0)) -> 100 | T78: =IF(O78="Grounded",0,IF(O78="Partial",40,90)) -> 0 | U78: =ROUND((P78+Q78+R78+S78+(100-T78))/5,0) -> 100 | V78: =O78 -> Grounded | W78: =IF(O78="Grounded","MISSION SUCCESS: The thrusters remain locked until the technician leaves the safety zone, preventing an EVA accident.",IF(O78="Partial","MISSION PROTECTED: Response held for more evidence; Try New Mission.","RISK BLOCKED: Unsupported action prevented; Try New Mission.")) -> MISSION SUCCESS: The thrusters remain locked until the technician leaves the safety zone, preventing an EVA accident. | X78: =IF(O78="Grounded","MISSION SUCCESS + PROCESS WARNING; trust 70. The thrusters remain locked until the technician leaves the safety zone, preventing an EVA accident.",IF(O78="Partial","MISSION DELAYED; trust 35. The maneuver is postponed while the crew confirms the technician's location.","GAME OVER; trust 5. The thruster blast pushes the technician away from the ship and damages critical spacesuit equipment.")) -> MISSION SUCCESS + PROCESS WARNING; trust 70. The thrusters remain locked until the technician leaves the safety zone, preventing an EVA accident. | Y78: =O78&" answer | Retrieval "&P78&"% | Ranking "&Q78&"% | Grounding "&R78&"% | Citation "&S78&"% | Hallucination Risk "&T78&"% | Trust "&U78&"%" -> Grounded answer | Retrieval 100% | Ranking 100% | Grounding 100% | Citation 100% | Hallucination Risk 0% | Trust 100% | Z78: =P78&" answer | Retrieval "&Q78&"% | Ranking "&R78&"% | Grounding "&S78&"% | Citation "&T78&"% | Hallucination Risk "&U78&"% | Trust "&V78&"%" -> 100 answer | Retrieval 100% | Ranking 100% | Grounding 100% | Citation 0% | Hallucination Risk 100% | Trust Grounded% | AA78: Run
A79: R-eva_thrusters-02 | B79: eva_thrusters | C79: EVA Thruster Safety | D79: Can we fire the maneuvering thrusters while a technician is working outside the ship? | E79: K1 | F79: thruster_eva_lockout: Maneuvering thrusters must remain locked when EVA personnel are inside the thruster safety zone. | G79: K2 | H79: technician_beacon: The technician's suit beacon currently reports a position inside the thruster safety zone. | I79: D2 | J79: thruster_docking_use: Maneuvering thrusters are normally used during docking operations. | K79: D1 | L79: spacesuit_oxygen: The technician's spacesuit has 90 minutes of oxygen remaining. | M79: =IF(E79="K1",1,IF(G79="K1",2,IF(I79="K1",3,4))) -> 1 | N79: =IF(E79="K2",1,IF(G79="K2",2,IF(I79="K2",3,4))) -> 2 | O79: =IF(AND(M79<=2,N79<=2),"Grounded",IF(OR(M79<=2,N79<=2),"Partial","Risky")) -> Grounded | P79: =IF(O79="Grounded",100,IF(O79="Partial",50,0)) -> 100 | Q79: =MAX(0,50-ABS(M79-1)*15)+MAX(0,50-ABS(N79-2)*15) -> 100 | R79: =IF(O79="Grounded",100,IF(O79="Partial",60,10)) -> 100 | S79: =IF(O79="Grounded",100,IF(O79="Partial",50,0)) -> 100 | T79: =IF(O79="Grounded",0,IF(O79="Partial",40,90)) -> 0 | U79: =ROUND((P79+Q79+R79+S79+(100-T79))/5,0) -> 100 | V79: =O79 -> Grounded | W79: =IF(O79="Grounded","MISSION SUCCESS: The thrusters remain locked until the technician leaves the safety zone, preventing an EVA accident.",IF(O79="Partial","MISSION PROTECTED: Response held for more evidence; Try New Mission.","RISK BLOCKED: Unsupported action prevented; Try New Mission.")) -> MISSION SUCCESS: The thrusters remain locked until the technician leaves the safety zone, preventing an EVA accident. | X79: =IF(O79="Grounded","MISSION SUCCESS + PROCESS WARNING; trust 70. The thrusters remain locked until the technician leaves the safety zone, preventing an EVA accident.",IF(O79="Partial","MISSION DELAYED; trust 35. The maneuver is postponed while the crew confirms the technician's location.","GAME OVER; trust 5. The thruster blast pushes the technician away from the ship and damages critical spacesuit equipment.")) -> MISSION SUCCESS + PROCESS WARNING; trust 70. The thrusters remain locked until the technician leaves the safety zone, preventing an EVA accident. | Y79: =O79&" answer | Retrieval "&P79&"% | Ranking "&Q79&"% | Grounding "&R79&"% | Citation "&S79&"% | Hallucination Risk "&T79&"% | Trust "&U79&"%" -> Grounded answer | Retrieval 100% | Ranking 100% | Grounding 100% | Citation 100% | Hallucination Risk 0% | Trust 100% | AA79: Not Run
A80: R-eva_thrusters-03 | B80: eva_thrusters | C80: EVA Thruster Safety | D80: Can we fire the maneuvering thrusters while a technician is working outside the ship? | E80: K1 | F80: thruster_eva_lockout: Maneuvering thrusters must remain locked when EVA personnel are inside the thruster safety zone. | G80: D1 | H80: spacesuit_oxygen: The technician's spacesuit has 90 minutes of oxygen remaining. | I80: K2 | J80: technician_beacon: The technician's suit beacon currently reports a position inside the thruster safety zone. | K80: D2 | L80: thruster_docking_use: Maneuvering thrusters are normally used during docking operations. | M80: =IF(E80="K1",1,IF(G80="K1",2,IF(I80="K1",3,4))) -> 1 | N80: =IF(E80="K2",1,IF(G80="K2",2,IF(I80="K2",3,4))) -> 3 | O80: =IF(AND(M80<=2,N80<=2),"Grounded",IF(OR(M80<=2,N80<=2),"Partial","Risky")) -> Partial | P80: =IF(O80="Grounded",100,IF(O80="Partial",50,0)) -> 50 | Q80: =MAX(0,50-ABS(M80-1)*15)+MAX(0,50-ABS(N80-2)*15) -> 85 | R80: =IF(O80="Grounded",100,IF(O80="Partial",60,10)) -> 60 | S80: =IF(O80="Grounded",100,IF(O80="Partial",50,0)) -> 50 | T80: =IF(O80="Grounded",0,IF(O80="Partial",40,90)) -> 40 | U80: =ROUND((P80+Q80+R80+S80+(100-T80))/5,0) -> 61 | V80: =O80 -> Partial | W80: =IF(O80="Grounded","MISSION SUCCESS: The thrusters remain locked until the technician leaves the safety zone, preventing an EVA accident.",IF(O80="Partial","MISSION PROTECTED: Response held for more evidence; Try New Mission.","RISK BLOCKED: Unsupported action prevented; Try New Mission.")) -> MISSION PROTECTED: Response held for more evidence; Try New Mission. | X80: =IF(O80="Grounded","MISSION SUCCESS + PROCESS WARNING; trust 70. The thrusters remain locked until the technician leaves the safety zone, preventing an EVA accident.",IF(O80="Partial","MISSION DELAYED; trust 35. The maneuver is postponed while the crew confirms the technician's location.","GAME OVER; trust 5. The thruster blast pushes the technician away from the ship and damages critical spacesuit equipment.")) -> MISSION DELAYED; trust 35. The maneuver is postponed while the crew confirms the technician's location. | Y80: =O80&" answer | Retrieval "&P80&"% | Ranking "&Q80&"% | Grounding "&R80&"% | Citation "&S80&"% | Hallucination Risk "&T80&"% | Trust "&U80&"%" -> Partial answer | Retrieval 50% | Ranking 85% | Grounding 60% | Citation 50% | Hallucination Risk 40% | Trust 61% | AA80: Not Run
A81: R-eva_thrusters-04 | B81: eva_thrusters | C81: EVA Thruster Safety | D81: Can we fire the maneuvering thrusters while a technician is working outside the ship? | E81: K1 | F81: thruster_eva_lockout: Maneuvering thrusters must remain locked when EVA personnel are inside the thruster safety zone. | G81: D1 | H81: spacesuit_oxygen: The technician's spacesuit has 90 minutes of oxygen remaining. | I81: D2 | J81: thruster_docking_use: Maneuvering thrusters are normally used during docking operations. | K81: K2 | L81: technician_beacon: The technician's suit beacon currently reports a position inside the thruster safety zone. | M81: =IF(E81="K1",1,IF(G81="K1",2,IF(I81="K1",3,4))) -> 1 | N81: =IF(E81="K2",1,IF(G81="K2",2,IF(I81="K2",3,4))) -> 4 | O81: =IF(AND(M81<=2,N81<=2),"Grounded",IF(OR(M81<=2,N81<=2),"Partial","Risky")) -> Partial | P81: =IF(O81="Grounded",100,IF(O81="Partial",50,0)) -> 50 | Q81: =MAX(0,50-ABS(M81-1)*15)+MAX(0,50-ABS(N81-2)*15) -> 70 | R81: =IF(O81="Grounded",100,IF(O81="Partial",60,10)) -> 60 | S81: =IF(O81="Grounded",100,IF(O81="Partial",50,0)) -> 50 | T81: =IF(O81="Grounded",0,IF(O81="Partial",40,90)) -> 40 | U81: =ROUND((P81+Q81+R81+S81+(100-T81))/5,0) -> 58 | V81: =O81 -> Partial | W81: =IF(O81="Grounded","MISSION SUCCESS: The thrusters remain locked until the technician leaves the safety zone, preventing an EVA accident.",IF(O81="Partial","MISSION PROTECTED: Response held for more evidence; Try New Mission.","RISK BLOCKED: Unsupported action prevented; Try New Mission.")) -> MISSION PROTECTED: Response held for more evidence; Try New Mission. | X81: =IF(O81="Grounded","MISSION SUCCESS + PROCESS WARNING; trust 70. The thrusters remain locked until the technician leaves the safety zone, preventing an EVA accident.",IF(O81="Partial","MISSION DELAYED; trust 35. The maneuver is postponed while the crew confirms the technician's location.","GAME OVER; trust 5. The thruster blast pushes the technician away from the ship and damages critical spacesuit equipment.")) -> MISSION DELAYED; trust 35. The maneuver is postponed while the crew confirms the technician's location. | Y81: =O81&" answer | Retrieval "&P81&"% | Ranking "&Q81&"% | Grounding "&R81&"% | Citation "&S81&"% | Hallucination Risk "&T81&"% | Trust "&U81&"%" -> Partial answer | Retrieval 50% | Ranking 70% | Grounding 60% | Citation 50% | Hallucination Risk 40% | Trust 58% | AA81: Not Run
A82: R-eva_thrusters-05 | B82: eva_thrusters | C82: EVA Thruster Safety | D82: Can we fire the maneuvering thrusters while a technician is working outside the ship? | E82: K1 | F82: thruster_eva_lockout: Maneuvering thrusters must remain locked when EVA personnel are inside the thruster safety zone. | G82: D2 | H82: thruster_docking_use: Maneuvering thrusters are normally used during docking operations. | I82: K2 | J82: technician_beacon: The technician's suit beacon currently reports a position inside the thruster safety zone. | K82: D1 | L82: spacesuit_oxygen: The technician's spacesuit has 90 minutes of oxygen remaining. | M82: =IF(E82="K1",1,IF(G82="K1",2,IF(I82="K1",3,4))) -> 1 | N82: =IF(E82="K2",1,IF(G82="K2",2,IF(I82="K2",3,4))) -> 3 | O82: =IF(AND(M82<=2,N82<=2),"Grounded",IF(OR(M82<=2,N82<=2),"Partial","Risky")) -> Partial | P82: =IF(O82="Grounded",100,IF(O82="Partial",50,0)) -> 50 | Q82: =MAX(0,50-ABS(M82-1)*15)+MAX(0,50-ABS(N82-2)*15) -> 85 | R82: =IF(O82="Grounded",100,IF(O82="Partial",60,10)) -> 60 | S82: =IF(O82="Grounded",100,IF(O82="Partial",50,0)) -> 50 | T82: =IF(O82="Grounded",0,IF(O82="Partial",40,90)) -> 40 | U82: =ROUND((P82+Q82+R82+S82+(100-T82))/5,0) -> 61 | V82: =O82 -> Partial | W82: =IF(O82="Grounded","MISSION SUCCESS: The thrusters remain locked until the technician leaves the safety zone, preventing an EVA accident.",IF(O82="Partial","MISSION PROTECTED: Response held for more evidence; Try New Mission.","RISK BLOCKED: Unsupported action prevented; Try New Mission.")) -> MISSION PROTECTED: Response held for more evidence; Try New Mission. | X82: =IF(O82="Grounded","MISSION SUCCESS + PROCESS WARNING; trust 70. The thrusters remain locked until the technician leaves the safety zone, preventing an EVA accident.",IF(O82="Partial","MISSION DELAYED; trust 35. The maneuver is postponed while the crew confirms the technician's location.","GAME OVER; trust 5. The thruster blast pushes the technician away from the ship and damages critical spacesuit equipment.")) -> MISSION DELAYED; trust 35. The maneuver is postponed while the crew confirms the technician's location. | Y82: =O82&" answer | Retrieval "&P82&"% | Ranking "&Q82&"% | Grounding "&R82&"% | Citation "&S82&"% | Hallucination Risk "&T82&"% | Trust "&U82&"%" -> Partial answer | Retrieval 50% | Ranking 85% | Grounding 60% | Citation 50% | Hallucination Risk 40% | Trust 61% | AA82: Not Run
A83: R-eva_thrusters-06 | B83: eva_thrusters | C83: EVA Thruster Safety | D83: Can we fire the maneuvering thrusters while a technician is working outside the ship? | E83: K1 | F83: thruster_eva_lockout: Maneuvering thrusters must remain locked when EVA personnel are inside the thruster safety zone. | G83: D2 | H83: thruster_docking_use: Maneuvering thrusters are normally used during docking operations. | I83: D1 | J83: spacesuit_oxygen: The technician's spacesuit has 90 minutes of oxygen remaining. | K83: K2 | L83: technician_beacon: The technician's suit beacon currently reports a position inside the thruster safety zone. | M83: =IF(E83="K1",1,IF(G83="K1",2,IF(I83="K1",3,4))) -> 1 | N83: =IF(E83="K2",1,IF(G83="K2",2,IF(I83="K2",3,4))) -> 4 | O83: =IF(AND(M83<=2,N83<=2),"Grounded",IF(OR(M83<=2,N83<=2),"Partial","Risky")) -> Partial | P83: =IF(O83="Grounded",100,IF(O83="Partial",50,0)) -> 50 | Q83: =MAX(0,50-ABS(M83-1)*15)+MAX(0,50-ABS(N83-2)*15) -> 70 | R83: =IF(O83="Grounded",100,IF(O83="Partial",60,10)) -> 60 | S83: =IF(O83="Grounded",100,IF(O83="Partial",50,0)) -> 50 | T83: =IF(O83="Grounded",0,IF(O83="Partial",40,90)) -> 40 | U83: =ROUND((P83+Q83+R83+S83+(100-T83))/5,0) -> 58 | V83: =O83 -> Partial | W83: =IF(O83="Grounded","MISSION SUCCESS: The thrusters remain locked until the technician leaves the safety zone, preventing an EVA accident.",IF(O83="Partial","MISSION PROTECTED: Response held for more evidence; Try New Mission.","RISK BLOCKED: Unsupported action prevented; Try New Mission.")) -> MISSION PROTECTED: Response held for more evidence; Try New Mission. | X83: =IF(O83="Grounded","MISSION SUCCESS + PROCESS WARNING; trust 70. The thrusters remain locked until the technician leaves the safety zone, preventing an EVA accident.",IF(O83="Partial","MISSION DELAYED; trust 35. The maneuver is postponed while the crew confirms the technician's location.","GAME OVER; trust 5. The thruster blast pushes the technician away from the ship and damages critical spacesuit equipment.")) -> MISSION DELAYED; trust 35. The maneuver is postponed while the crew confirms the technician's location. | Y83: =O83&" answer | Retrieval "&P83&"% | Ranking "&Q83&"% | Grounding "&R83&"% | Citation "&S83&"% | Hallucination Risk "&T83&"% | Trust "&U83&"%" -> Partial answer | Retrieval 50% | Ranking 70% | Grounding 60% | Citation 50% | Hallucination Risk 40% | Trust 58% | AA83: Not Run
A84: R-eva_thrusters-07 | B84: eva_thrusters | C84: EVA Thruster Safety | D84: Can we fire the maneuvering thrusters while a technician is working outside the ship? | E84: K2 | F84: technician_beacon: The technician's suit beacon currently reports a position inside the thruster safety zone. | G84: K1 | H84: thruster_eva_lockout: Maneuvering thrusters must remain locked when EVA personnel are inside the thruster safety zone. | I84: D1 | J84: spacesuit_oxygen: The technician's spacesuit has 90 minutes of oxygen remaining. | K84: D2 | L84: thruster_docking_use: Maneuvering thrusters are normally used during docking operations. | M84: =IF(E84="K1",1,IF(G84="K1",2,IF(I84="K1",3,4))) -> 2 | N84: =IF(E84="K2",1,IF(G84="K2",2,IF(I84="K2",3,4))) -> 1 | O84: =IF(AND(M84<=2,N84<=2),"Grounded",IF(OR(M84<=2,N84<=2),"Partial","Risky")) -> Grounded | P84: =IF(O84="Grounded",100,IF(O84="Partial",50,0)) -> 100 | Q84: =MAX(0,50-ABS(M84-1)*15)+MAX(0,50-ABS(N84-2)*15) -> 70 | R84: =IF(O84="Grounded",100,IF(O84="Partial",60,10)) -> 100 | S84: =IF(O84="Grounded",100,IF(O84="Partial",50,0)) -> 100 | T84: =IF(O84="Grounded",0,IF(O84="Partial",40,90)) -> 0 | U84: =ROUND((P84+Q84+R84+S84+(100-T84))/5,0) -> 94 | V84: =O84 -> Grounded | W84: =IF(O84="Grounded","MISSION SUCCESS: The thrusters remain locked until the technician leaves the safety zone, preventing an EVA accident.",IF(O84="Partial","MISSION PROTECTED: Response held for more evidence; Try New Mission.","RISK BLOCKED: Unsupported action prevented; Try New Mission.")) -> MISSION SUCCESS: The thrusters remain locked until the technician leaves the safety zone, preventing an EVA accident. | X84: =IF(O84="Grounded","MISSION SUCCESS + PROCESS WARNING; trust 70. The thrusters remain locked until the technician leaves the safety zone, preventing an EVA accident.",IF(O84="Partial","MISSION DELAYED; trust 35. The maneuver is postponed while the crew confirms the technician's location.","GAME OVER; trust 5. The thruster blast pushes the technician away from the ship and damages critical spacesuit equipment.")) -> MISSION SUCCESS + PROCESS WARNING; trust 70. The thrusters remain locked until the technician leaves the safety zone, preventing an EVA accident. | Y84: =O84&" answer | Retrieval "&P84&"% | Ranking "&Q84&"% | Grounding "&R84&"% | Citation "&S84&"% | Hallucination Risk "&T84&"% | Trust "&U84&"%" -> Grounded answer | Retrieval 100% | Ranking 70% | Grounding 100% | Citation 100% | Hallucination Risk 0% | Trust 94% | AA84: Not Run
A85: R-eva_thrusters-08 | B85: eva_thrusters | C85: EVA Thruster Safety | D85: Can we fire the maneuvering thrusters while a technician is working outside the ship? | E85: K2 | F85: technician_beacon: The technician's suit beacon currently reports a position inside the thruster safety zone. | G85: K1 | H85: thruster_eva_lockout: Maneuvering thrusters must remain locked when EVA personnel are inside the thruster safety zone. | I85: D2 | J85: thruster_docking_use: Maneuvering thrusters are normally used during docking operations. | K85: D1 | L85: spacesuit_oxygen: The technician's spacesuit has 90 minutes of oxygen remaining. | M85: =IF(E85="K1",1,IF(G85="K1",2,IF(I85="K1",3,4))) -> 2 | N85: =IF(E85="K2",1,IF(G85="K2",2,IF(I85="K2",3,4))) -> 1 | O85: =IF(AND(M85<=2,N85<=2),"Grounded",IF(OR(M85<=2,N85<=2),"Partial","Risky")) -> Grounded | P85: =IF(O85="Grounded",100,IF(O85="Partial",50,0)) -> 100 | Q85: =MAX(0,50-ABS(M85-1)*15)+MAX(0,50-ABS(N85-2)*15) -> 70 | R85: =IF(O85="Grounded",100,IF(O85="Partial",60,10)) -> 100 | S85: =IF(O85="Grounded",100,IF(O85="Partial",50,0)) -> 100 | T85: =IF(O85="Grounded",0,IF(O85="Partial",40,90)) -> 0 | U85: =ROUND((P85+Q85+R85+S85+(100-T85))/5,0) -> 94 | V85: =O85 -> Grounded | W85: =IF(O85="Grounded","MISSION SUCCESS: The thrusters remain locked until the technician leaves the safety zone, preventing an EVA accident.",IF(O85="Partial","MISSION PROTECTED: Response held for more evidence; Try New Mission.","RISK BLOCKED: Unsupported action prevented; Try New Mission.")) -> MISSION SUCCESS: The thrusters remain locked until the technician leaves the safety zone, preventing an EVA accident. | X85: =IF(O85="Grounded","MISSION SUCCESS + PROCESS WARNING; trust 70. The thrusters remain locked until the technician leaves the safety zone, preventing an EVA accident.",IF(O85="Partial","MISSION DELAYED; trust 35. The maneuver is postponed while the crew confirms the technician's location.","GAME OVER; trust 5. The thruster blast pushes the technician away from the ship and damages critical spacesuit equipment.")) -> MISSION SUCCESS + PROCESS WARNING; trust 70. The thrusters remain locked until the technician leaves the safety zone, preventing an EVA accident. | Y85: =O85&" answer | Retrieval "&P85&"% | Ranking "&Q85&"% | Grounding "&R85&"% | Citation "&S85&"% | Hallucination Risk "&T85&"% | Trust "&U85&"%" -> Grounded answer | Retrieval 100% | Ranking 70% | Grounding 100% | Citation 100% | Hallucination Risk 0% | Trust 94% | AA85: Not Run
A86: R-eva_thrusters-09 | B86: eva_thrusters | C86: EVA Thruster Safety | D86: Can we fire the maneuvering thrusters while a technician is working outside the ship? | E86: K2 | F86: technician_beacon: The technician's suit beacon currently reports a position inside the thruster safety zone. | G86: D1 | H86: spacesuit_oxygen: The technician's spacesuit has 90 minutes of oxygen remaining. | I86: K1 | J86: thruster_eva_lockout: Maneuvering thrusters must remain locked when EVA personnel are inside the thruster safety zone. | K86: D2 | L86: thruster_docking_use: Maneuvering thrusters are normally used during docking operations. | M86: =IF(E86="K1",1,IF(G86="K1",2,IF(I86="K1",3,4))) -> 3 | N86: =IF(E86="K2",1,IF(G86="K2",2,IF(I86="K2",3,4))) -> 1 | O86: =IF(AND(M86<=2,N86<=2),"Grounded",IF(OR(M86<=2,N86<=2),"Partial","Risky")) -> Partial | P86: =IF(O86="Grounded",100,IF(O86="Partial",50,0)) -> 50 | Q86: =MAX(0,50-ABS(M86-1)*15)+MAX(0,50-ABS(N86-2)*15) -> 55 | R86: =IF(O86="Grounded",100,IF(O86="Partial",60,10)) -> 60 | S86: =IF(O86="Grounded",100,IF(O86="Partial",50,0)) -> 50 | T86: =IF(O86="Grounded",0,IF(O86="Partial",40,90)) -> 40 | U86: =ROUND((P86+Q86+R86+S86+(100-T86))/5,0) -> 55 | V86: =O86 -> Partial | W86: =IF(O86="Grounded","MISSION SUCCESS: The thrusters remain locked until the technician leaves the safety zone, preventing an EVA accident.",IF(O86="Partial","MISSION PROTECTED: Response held for more evidence; Try New Mission.","RISK BLOCKED: Unsupported action prevented; Try New Mission.")) -> MISSION PROTECTED: Response held for more evidence; Try New Mission. | X86: =IF(O86="Grounded","MISSION SUCCESS + PROCESS WARNING; trust 70. The thrusters remain locked until the technician leaves the safety zone, preventing an EVA accident.",IF(O86="Partial","MISSION DELAYED; trust 35. The maneuver is postponed while the crew confirms the technician's location.","GAME OVER; trust 5. The thruster blast pushes the technician away from the ship and damages critical spacesuit equipment.")) -> MISSION DELAYED; trust 35. The maneuver is postponed while the crew confirms the technician's location. | Y86: =O86&" answer | Retrieval "&P86&"% | Ranking "&Q86&"% | Grounding "&R86&"% | Citation "&S86&"% | Hallucination Risk "&T86&"% | Trust "&U86&"%" -> Partial answer | Retrieval 50% | Ranking 55% | Grounding 60% | Citation 50% | Hallucination Risk 40% | Trust 55% | AA86: Not Run
A87: R-eva_thrusters-10 | B87: eva_thrusters | C87: EVA Thruster Safety | D87: Can we fire the maneuvering thrusters while a technician is working outside the ship? | E87: K2 | F87: technician_beacon: The technician's suit beacon currently reports a position inside the thruster safety zone. | G87: D1 | H87: spacesuit_oxygen: The technician's spacesuit has 90 minutes of oxygen remaining. | I87: D2 | J87: thruster_docking_use: Maneuvering thrusters are normally used during docking operations. | K87: K1 | L87: thruster_eva_lockout: Maneuvering thrusters must remain locked when EVA personnel are inside the thruster safety zone. | M87: =IF(E87="K1",1,IF(G87="K1",2,IF(I87="K1",3,4))) -> 4 | N87: =IF(E87="K2",1,IF(G87="K2",2,IF(I87="K2",3,4))) -> 1 | O87: =IF(AND(M87<=2,N87<=2),"Grounded",IF(OR(M87<=2,N87<=2),"Partial","Risky")) -> Partial | P87: =IF(O87="Grounded",100,IF(O87="Partial",50,0)) -> 50 | Q87: =MAX(0,50-ABS(M87-1)*15)+MAX(0,50-ABS(N87-2)*15) -> 40 | R87: =IF(O87="Grounded",100,IF(O87="Partial",60,10)) -> 60 | S87: =IF(O87="Grounded",100,IF(O87="Partial",50,0)) -> 50 | T87: =IF(O87="Grounded",0,IF(O87="Partial",40,90)) -> 40 | U87: =ROUND((P87+Q87+R87+S87+(100-T87))/5,0) -> 52 | V87: =O87 -> Partial | W87: =IF(O87="Grounded","MISSION SUCCESS: The thrusters remain locked until the technician leaves the safety zone, preventing an EVA accident.",IF(O87="Partial","MISSION PROTECTED: Response held for more evidence; Try New Mission.","RISK BLOCKED: Unsupported action prevented; Try New Mission.")) -> MISSION PROTECTED: Response held for more evidence; Try New Mission. | X87: =IF(O87="Grounded","MISSION SUCCESS + PROCESS WARNING; trust 70. The thrusters remain locked until the technician leaves the safety zone, preventing an EVA accident.",IF(O87="Partial","MISSION DELAYED; trust 35. The maneuver is postponed while the crew confirms the technician's location.","GAME OVER; trust 5. The thruster blast pushes the technician away from the ship and damages critical spacesuit equipment.")) -> MISSION DELAYED; trust 35. The maneuver is postponed while the crew confirms the technician's location. | Y87: =O87&" answer | Retrieval "&P87&"% | Ranking "&Q87&"% | Grounding "&R87&"% | Citation "&S87&"% | Hallucination Risk "&T87&"% | Trust "&U87&"%" -> Partial answer | Retrieval 50% | Ranking 40% | Grounding 60% | Citation 50% | Hallucination Risk 40% | Trust 52% | AA87: Not Run
A88: R-eva_thrusters-11 | B88: eva_thrusters | C88: EVA Thruster Safety | D88: Can we fire the maneuvering thrusters while a technician is working outside the ship? | E88: K2 | F88: technician_beacon: The technician's suit beacon currently reports a position inside the thruster safety zone. | G88: D2 | H88: thruster_docking_use: Maneuvering thrusters are normally used during docking operations. | I88: K1 | J88: thruster_eva_lockout: Maneuvering thrusters must remain locked when EVA personnel are inside the thruster safety zone. | K88: D1 | L88: spacesuit_oxygen: The technician's spacesuit has 90 minutes of oxygen remaining. | M88: =IF(E88="K1",1,IF(G88="K1",2,IF(I88="K1",3,4))) -> 3 | N88: =IF(E88="K2",1,IF(G88="K2",2,IF(I88="K2",3,4))) -> 1 | O88: =IF(AND(M88<=2,N88<=2),"Grounded",IF(OR(M88<=2,N88<=2),"Partial","Risky")) -> Partial | P88: =IF(O88="Grounded",100,IF(O88="Partial",50,0)) -> 50 | Q88: =MAX(0,50-ABS(M88-1)*15)+MAX(0,50-ABS(N88-2)*15) -> 55 | R88: =IF(O88="Grounded",100,IF(O88="Partial",60,10)) -> 60 | S88: =IF(O88="Grounded",100,IF(O88="Partial",50,0)) -> 50 | T88: =IF(O88="Grounded",0,IF(O88="Partial",40,90)) -> 40 | U88: =ROUND((P88+Q88+R88+S88+(100-T88))/5,0) -> 55 | V88: =O88 -> Partial | W88: =IF(O88="Grounded","MISSION SUCCESS: The thrusters remain locked until the technician leaves the safety zone, preventing an EVA accident.",IF(O88="Partial","MISSION PROTECTED: Response held for more evidence; Try New Mission.","RISK BLOCKED: Unsupported action prevented; Try New Mission.")) -> MISSION PROTECTED: Response held for more evidence; Try New Mission. | X88: =IF(O88="Grounded","MISSION SUCCESS + PROCESS WARNING; trust 70. The thrusters remain locked until the technician leaves the safety zone, preventing an EVA accident.",IF(O88="Partial","MISSION DELAYED; trust 35. The maneuver is postponed while the crew confirms the technician's location.","GAME OVER; trust 5. The thruster blast pushes the technician away from the ship and damages critical spacesuit equipment.")) -> MISSION DELAYED; trust 35. The maneuver is postponed while the crew confirms the technician's location. | Y88: =O88&" answer | Retrieval "&P88&"% | Ranking "&Q88&"% | Grounding "&R88&"% | Citation "&S88&"% | Hallucination Risk "&T88&"% | Trust "&U88&"%" -> Partial answer | Retrieval 50% | Ranking 55% | Grounding 60% | Citation 50% | Hallucination Risk 40% | Trust 55% | AA88: Not Run
A89: R-eva_thrusters-12 | B89: eva_thrusters | C89: EVA Thruster Safety | D89: Can we fire the maneuvering thrusters while a technician is working outside the ship? | E89: K2 | F89: technician_beacon: The technician's suit beacon currently reports a position inside the thruster safety zone. | G89: D2 | H89: thruster_docking_use: Maneuvering thrusters are normally used during docking operations. | I89: D1 | J89: spacesuit_oxygen: The technician's spacesuit has 90 minutes of oxygen remaining. | K89: K1 | L89: thruster_eva_lockout: Maneuvering thrusters must remain locked when EVA personnel are inside the thruster safety zone. | M89: =IF(E89="K1",1,IF(G89="K1",2,IF(I89="K1",3,4))) -> 4 | N89: =IF(E89="K2",1,IF(G89="K2",2,IF(I89="K2",3,4))) -> 1 | O89: =IF(AND(M89<=2,N89<=2),"Grounded",IF(OR(M89<=2,N89<=2),"Partial","Risky")) -> Partial | P89: =IF(O89="Grounded",100,IF(O89="Partial",50,0)) -> 50 | Q89: =MAX(0,50-ABS(M89-1)*15)+MAX(0,50-ABS(N89-2)*15) -> 40 | R89: =IF(O89="Grounded",100,IF(O89="Partial",60,10)) -> 60 | S89: =IF(O89="Grounded",100,IF(O89="Partial",50,0)) -> 50 | T89: =IF(O89="Grounded",0,IF(O89="Partial",40,90)) -> 40 | U89: =ROUND((P89+Q89+R89+S89+(100-T89))/5,0) -> 52 | V89: =O89 -> Partial | W89: =IF(O89="Grounded","MISSION SUCCESS: The thrusters remain locked until the technician leaves the safety zone, preventing an EVA accident.",IF(O89="Partial","MISSION PROTECTED: Response held for more evidence; Try New Mission.","RISK BLOCKED: Unsupported action prevented; Try New Mission.")) -> MISSION PROTECTED: Response held for more evidence; Try New Mission. | X89: =IF(O89="Grounded","MISSION SUCCESS + PROCESS WARNING; trust 70. The thrusters remain locked until the technician leaves the safety zone, preventing an EVA accident.",IF(O89="Partial","MISSION DELAYED; trust 35. The maneuver is postponed while the crew confirms the technician's location.","GAME OVER; trust 5. The thruster blast pushes the technician away from the ship and damages critical spacesuit equipment.")) -> MISSION DELAYED; trust 35. The maneuver is postponed while the crew confirms the technician's location. | Y89: =O89&" answer | Retrieval "&P89&"% | Ranking "&Q89&"% | Grounding "&R89&"% | Citation "&S89&"% | Hallucination Risk "&T89&"% | Trust "&U89&"%" -> Partial answer | Retrieval 50% | Ranking 40% | Grounding 60% | Citation 50% | Hallucination Risk 40% | Trust 52% | AA89: Not Run
A90: R-eva_thrusters-13 | B90: eva_thrusters | C90: EVA Thruster Safety | D90: Can we fire the maneuvering thrusters while a technician is working outside the ship? | E90: D1 | F90: spacesuit_oxygen: The technician's spacesuit has 90 minutes of oxygen remaining. | G90: K1 | H90: thruster_eva_lockout: Maneuvering thrusters must remain locked when EVA personnel are inside the thruster safety zone. | I90: K2 | J90: technician_beacon: The technician's suit beacon currently reports a position inside the thruster safety zone. | K90: D2 | L90: thruster_docking_use: Maneuvering thrusters are normally used during docking operations. | M90: =IF(E90="K1",1,IF(G90="K1",2,IF(I90="K1",3,4))) -> 2 | N90: =IF(E90="K2",1,IF(G90="K2",2,IF(I90="K2",3,4))) -> 3 | O90: =IF(AND(M90<=2,N90<=2),"Grounded",IF(OR(M90<=2,N90<=2),"Partial","Risky")) -> Partial | P90: =IF(O90="Grounded",100,IF(O90="Partial",50,0)) -> 50 | Q90: =MAX(0,50-ABS(M90-1)*15)+MAX(0,50-ABS(N90-2)*15) -> 70 | R90: =IF(O90="Grounded",100,IF(O90="Partial",60,10)) -> 60 | S90: =IF(O90="Grounded",100,IF(O90="Partial",50,0)) -> 50 | T90: =IF(O90="Grounded",0,IF(O90="Partial",40,90)) -> 40 | U90: =ROUND((P90+Q90+R90+S90+(100-T90))/5,0) -> 58 | V90: =O90 -> Partial | W90: =IF(O90="Grounded","MISSION SUCCESS: The thrusters remain locked until the technician leaves the safety zone, preventing an EVA accident.",IF(O90="Partial","MISSION PROTECTED: Response held for more evidence; Try New Mission.","RISK BLOCKED: Unsupported action prevented; Try New Mission.")) -> MISSION PROTECTED: Response held for more evidence; Try New Mission. | X90: =IF(O90="Grounded","MISSION SUCCESS + PROCESS WARNING; trust 70. The thrusters remain locked until the technician leaves the safety zone, preventing an EVA accident.",IF(O90="Partial","MISSION DELAYED; trust 35. The maneuver is postponed while the crew confirms the technician's location.","GAME OVER; trust 5. The thruster blast pushes the technician away from the ship and damages critical spacesuit equipment.")) -> MISSION DELAYED; trust 35. The maneuver is postponed while the crew confirms the technician's location. | Y90: =O90&" answer | Retrieval "&P90&"% | Ranking "&Q90&"% | Grounding "&R90&"% | Citation "&S90&"% | Hallucination Risk "&T90&"% | Trust "&U90&"%" -> Partial answer | Retrieval 50% | Ranking 70% | Grounding 60% | Citation 50% | Hallucination Risk 40% | Trust 58% | AA90: Not Run
... A101: R-eva_thrusters-24 | B101: eva_thrusters | C101: EVA Thruster Safety | D101: Can we fire the maneuvering thrusters while a technician is working outside the ship? | E101: D2 | F101: thruster_docking_use: Maneuvering thrusters are normally used during docking operations. | G101: D1 | H101: spacesuit_oxygen: The technician's spacesuit has 90 minutes of oxygen remaining. | I101: K2 | J101: technician_beacon: The technician's suit beacon currently reports a position inside the thruster safety zone. | K101: K1 | L101: thruster_eva_lockout: Maneuvering thrusters must remain locked when EVA personnel are inside the thruster safety zone. | M101: =IF(E101="K1",1,IF(G101="K1",2,IF(I101="K1",3,4))) -> 4 | N101: =IF(E101="K2",1,IF(G101="K2",2,IF(I101="K2",3,4))) -> 3 | O101: =IF(AND(M101<=2,N101<=2),"Grounded",IF(OR(M101<=2,N101<=2),"Partial","Risky")) -> Risky | P101: =IF(O101="Grounded",100,IF(O101="Partial",50,0)) -> 0 | Q101: =MAX(0,50-ABS(M101-1)*15)+MAX(0,50-ABS(N101-2)*15) -> 40 | R101: =IF(O101="Grounded",100,IF(O101="Partial",60,10)) -> 10 | S101: =IF(O101="Grounded",100,IF(O101="Partial",50,0)) -> 0 | T101: =IF(O101="Grounded",0,IF(O101="Partial",40,90)) -> 90 | U101: =ROUND((P101+Q101+R101+S101+(100-T101))/5,0) -> 12 | V101: =O101 -> Risky | W101: =IF(O101="Grounded","MISSION SUCCESS: The thrusters remain locked until the technician leaves the safety zone, preventing an EVA accident.",IF(O101="Partial","MISSION PROTECTED: Response held for more evidence; Try New Mission.","RISK BLOCKED: Unsupported action prevented; Try New Mission.")) -> RISK BLOCKED: Unsupported action prevented; Try New Mission. | X101: =IF(O101="Grounded","MISSION SUCCESS + PROCESS WARNING; trust 70. The thrusters remain locked until the technician leaves the safety zone, preventing an EVA accident.",IF(O101="Partial","MISSION DELAYED; trust 35. The maneuver is postponed while the crew confirms the technician's location.","GAME OVER; trust 5. The thruster blast pushes the technician away from the ship and damages critical spacesuit equipment.")) -> GAME OVER; trust 5. The thruster blast pushes the technician away from the ship and damages critical spacesuit equipment. | Y101: =O101&" answer | Retrieval "&P101&"% | Ranking "&Q101&"% | Grounding "&R101&"% | Citation "&S101&"% | Hallucination Risk "&T101&"% | Trust "&U101&"%" -> Risky answer | Retrieval 0% | Ranking 40% | Grounding 10% | Citation 0% | Hallucination Risk 90% | Trust 12% | AA101: Not Run
A102: R-antenna_storm-01 | B102: antenna_storm | C102: Antenna Debris Safety | D102: Can we extend the long-range antenna during the current micrometeor storm? | E102: K1 | F102: antenna_debris_rule: The long-range antenna must remain retracted whenever a debris alert is active. | G102: K2 | H102: storm_debris_status: The current micrometeor storm has triggered an active high-velocity debris alert. | I102: D1 | J102: internal_communications: Internal crew communication uses a separate short-range network. | K102: D2 | L102: antenna_signal_strength: The long-range antenna improves communication with distant stations. | M102: =IF(E102="K1",1,IF(G102="K1",2,IF(I102="K1",3,4))) -> 1 | N102: =IF(E102="K2",1,IF(G102="K2",2,IF(I102="K2",3,4))) -> 2 | O102: =IF(AND(M102<=2,N102<=2),"Grounded",IF(OR(M102<=2,N102<=2),"Partial","Risky")) -> Grounded | P102: =IF(O102="Grounded",100,IF(O102="Partial",50,0)) -> 100 | Q102: =MAX(0,50-ABS(M102-1)*15)+MAX(0,50-ABS(N102-2)*15) -> 100 | R102: =IF(O102="Grounded",100,IF(O102="Partial",60,10)) -> 100 | S102: =IF(O102="Grounded",100,IF(O102="Partial",50,0)) -> 100 | T102: =IF(O102="Grounded",0,IF(O102="Partial",40,90)) -> 0 | U102: =ROUND((P102+Q102+R102+S102+(100-T102))/5,0) -> 100 | V102: =O102 -> Grounded | W102: =IF(O102="Grounded","MISSION SUCCESS: The antenna remains protected until the storm passes, preserving long-range communications.",IF(O102="Partial","MISSION PROTECTED: Response held for more evidence; Try New Mission.","RISK BLOCKED: Unsupported action prevented; Try New Mission.")) -> MISSION SUCCESS: The antenna remains protected until the storm passes, preserving long-range communications. | X102: =IF(O102="Grounded","MISSION SUCCESS + PROCESS WARNING; trust 70. The antenna remains protected until the storm passes, preserving long-range communications.",IF(O102="Partial","MISSION DELAYED; trust 35. The crew postpones external communication while checking the debris alert.","GAME OVER; trust 5. High-velocity debris strikes the extended antenna, destroying the ship's long-range communication system.")) -> MISSION SUCCESS + PROCESS WARNING; trust 70. The antenna remains protected until the storm passes, preserving long-range communications. | Y102: =O102&" answer | Retrieval "&P102&"% | Ranking "&Q102&"% | Grounding "&R102&"% | Citation "&S102&"% | Hallucination Risk "&T102&"% | Trust "&U102&"%" -> Grounded answer | Retrieval 100% | Ranking 100% | Grounding 100% | Citation 100% | Hallucination Risk 0% | Trust 100% | Z102: Success | AA102: Run
A103: R-antenna_storm-02 | B103: antenna_storm | C103: Antenna Debris Safety | D103: Can we extend the long-range antenna during the current micrometeor storm? | E103: K1 | F103: antenna_debris_rule: The long-range antenna must remain retracted whenever a debris alert is active. | G103: K2 | H103: storm_debris_status: The current micrometeor storm has triggered an active high-velocity debris alert. | I103: D2 | J103: antenna_signal_strength: The long-range antenna improves communication with distant stations. | K103: D1 | L103: internal_communications: Internal crew communication uses a separate short-range network. | M103: =IF(E103="K1",1,IF(G103="K1",2,IF(I103="K1",3,4))) -> 1 | N103: =IF(E103="K2",1,IF(G103="K2",2,IF(I103="K2",3,4))) -> 2 | O103: =IF(AND(M103<=2,N103<=2),"Grounded",IF(OR(M103<=2,N103<=2),"Partial","Risky")) -> Grounded | P103: =IF(O103="Grounded",100,IF(O103="Partial",50,0)) -> 100 | Q103: =MAX(0,50-ABS(M103-1)*15)+MAX(0,50-ABS(N103-2)*15) -> 100 | R103: =IF(O103="Grounded",100,IF(O103="Partial",60,10)) -> 100 | S103: =IF(O103="Grounded",100,IF(O103="Partial",50,0)) -> 100 | T103: =IF(O103="Grounded",0,IF(O103="Partial",40,90)) -> 0 | U103: =ROUND((P103+Q103+R103+S103+(100-T103))/5,0) -> 100 | V103: =O103 -> Grounded | W103: =IF(O103="Grounded","MISSION SUCCESS: The antenna remains protected until the storm passes, preserving long-range communications.",IF(O103="Partial","MISSION PROTECTED: Response held for more evidence; Try New Mission.","RISK BLOCKED: Unsupported action prevented; Try New Mission.")) -> MISSION SUCCESS: The antenna remains protected until the storm passes, preserving long-range communications. | X103: =IF(O103="Grounded","MISSION SUCCESS + PROCESS WARNING; trust 70. The antenna remains protected until the storm passes, preserving long-range communications.",IF(O103="Partial","MISSION DELAYED; trust 35. The crew postpones external communication while checking the debris alert.","GAME OVER; trust 5. High-velocity debris strikes the extended antenna, destroying the ship's long-range communication system.")) -> MISSION SUCCESS + PROCESS WARNING; trust 70. The antenna remains protected until the storm passes, preserving long-range communications. | Y103: =O103&" answer | Retrieval "&P103&"% | Ranking "&Q103&"% | Grounding "&R103&"% | Citation "&S103&"% | Hallucination Risk "&T103&"% | Trust "&U103&"%" -> Grounded answer | Retrieval 100% | Ranking 100% | Grounding 100% | Citation 100% | Hallucination Risk 0% | Trust 100% | AA103: Not Run
A104: R-antenna_storm-03 | B104: antenna_storm | C104: Antenna Debris Safety | D104: Can we extend the long-range antenna during the current micrometeor storm? | E104: K1 | F104: antenna_debris_rule: The long-range antenna must remain retracted whenever a debris alert is active. | G104: D1 | H104: internal_communications: Internal crew communication uses a separate short-range network. | I104: K2 | J104: storm_debris_status: The current micrometeor storm has triggered an active high-velocity debris alert. | K104: D2 | L104: antenna_signal_strength: The long-range antenna improves communication with distant stations. | M104: =IF(E104="K1",1,IF(G104="K1",2,IF(I104="K1",3,4))) -> 1 | N104: =IF(E104="K2",1,IF(G104="K2",2,IF(I104="K2",3,4))) -> 3 | O104: =IF(AND(M104<=2,N104<=2),"Grounded",IF(OR(M104<=2,N104<=2),"Partial","Risky")) -> Partial | P104: =IF(O104="Grounded",100,IF(O104="Partial",50,0)) -> 50 | Q104: =MAX(0,50-ABS(M104-1)*15)+MAX(0,50-ABS(N104-2)*15) -> 85 | R104: =IF(O104="Grounded",100,IF(O104="Partial",60,10)) -> 60 | S104: =IF(O104="Grounded",100,IF(O104="Partial",50,0)) -> 50 | T104: =IF(O104="Grounded",0,IF(O104="Partial",40,90)) -> 40 | U104: =ROUND((P104+Q104+R104+S104+(100-T104))/5,0) -> 61 | V104: =O104 -> Partial | W104: =IF(O104="Grounded","MISSION SUCCESS: The antenna remains protected until the storm passes, preserving long-range communications.",IF(O104="Partial","MISSION PROTECTED: Response held for more evidence; Try New Mission.","RISK BLOCKED: Unsupported action prevented; Try New Mission.")) -> MISSION PROTECTED: Response held for more evidence; Try New Mission. | X104: =IF(O104="Grounded","MISSION SUCCESS + PROCESS WARNING; trust 70. The antenna remains protected until the storm passes, preserving long-range communications.",IF(O104="Partial","MISSION DELAYED; trust 35. The crew postpones external communication while checking the debris alert.","GAME OVER; trust 5. High-velocity debris strikes the extended antenna, destroying the ship's long-range communication system.")) -> MISSION DELAYED; trust 35. The crew postpones external communication while checking the debris alert. | Y104: =O104&" answer | Retrieval "&P104&"% | Ranking "&Q104&"% | Grounding "&R104&"% | Citation "&S104&"% | Hallucination Risk "&T104&"% | Trust "&U104&"%" -> Partial answer | Retrieval 50% | Ranking 85% | Grounding 60% | Citation 50% | Hallucination Risk 40% | Trust 61% | AA104: Not Run
A105: R-antenna_storm-04 | B105: antenna_storm | C105: Antenna Debris Safety | D105: Can we extend the long-range antenna during the current micrometeor storm? | E105: K1 | F105: antenna_debris_rule: The long-range antenna must remain retracted whenever a debris alert is active. | G105: D1 | H105: internal_communications: Internal crew communication uses a separate short-range network. | I105: D2 | J105: antenna_signal_strength: The long-range antenna improves communication with distant stations. | K105: K2 | L105: storm_debris_status: The current micrometeor storm has triggered an active high-velocity debris alert. | M105: =IF(E105="K1",1,IF(G105="K1",2,IF(I105="K1",3,4))) -> 1 | N105: =IF(E105="K2",1,IF(G105="K2",2,IF(I105="K2",3,4))) -> 4 | O105: =IF(AND(M105<=2,N105<=2),"Grounded",IF(OR(M105<=2,N105<=2),"Partial","Risky")) -> Partial | P105: =IF(O105="Grounded",100,IF(O105="Partial",50,0)) -> 50 | Q105: =MAX(0,50-ABS(M105-1)*15)+MAX(0,50-ABS(N105-2)*15) -> 70 | R105: =IF(O105="Grounded",100,IF(O105="Partial",60,10)) -> 60 | S105: =IF(O105="Grounded",100,IF(O105="Partial",50,0)) -> 50 | T105: =IF(O105="Grounded",0,IF(O105="Partial",40,90)) -> 40 | U105: =ROUND((P105+Q105+R105+S105+(100-T105))/5,0) -> 58 | V105: =O105 -> Partial | W105: =IF(O105="Grounded","MISSION SUCCESS: The antenna remains protected until the storm passes, preserving long-range communications.",IF(O105="Partial","MISSION PROTECTED: Response held for more evidence; Try New Mission.","RISK BLOCKED: Unsupported action prevented; Try New Mission.")) -> MISSION PROTECTED: Response held for more evidence; Try New Mission. | X105: =IF(O105="Grounded","MISSION SUCCESS + PROCESS WARNING; trust 70. The antenna remains protected until the storm passes, preserving long-range communications.",IF(O105="Partial","MISSION DELAYED; trust 35. The crew postpones external communication while checking the debris alert.","GAME OVER; trust 5. High-velocity debris strikes the extended antenna, destroying the ship's long-range communication system.")) -> MISSION DELAYED; trust 35. The crew postpones external communication while checking the debris alert. | Y105: =O105&" answer | Retrieval "&P105&"% | Ranking "&Q105&"% | Grounding "&R105&"% | Citation "&S105&"% | Hallucination Risk "&T105&"% | Trust "&U105&"%" -> Partial answer | Retrieval 50% | Ranking 70% | Grounding 60% | Citation 50% | Hallucination Risk 40% | Trust 58% | AA105: Not Run
A106: R-antenna_storm-05 | B106: antenna_storm | C106: Antenna Debris Safety | D106: Can we extend the long-range antenna during the current micrometeor storm? | E106: K1 | F106: antenna_debris_rule: The long-range antenna must remain retracted whenever a debris alert is active. | G106: D2 | H106: antenna_signal_strength: The long-range antenna improves communication with distant stations. | I106: K2 | J106: storm_debris_status: The current micrometeor storm has triggered an active high-velocity debris alert. | K106: D1 | L106: internal_communications: Internal crew communication uses a separate short-range network. | M106: =IF(E106="K1",1,IF(G106="K1",2,IF(I106="K1",3,4))) -> 1 | N106: =IF(E106="K2",1,IF(G106="K2",2,IF(I106="K2",3,4))) -> 3 | O106: =IF(AND(M106<=2,N106<=2),"Grounded",IF(OR(M106<=2,N106<=2),"Partial","Risky")) -> Partial | P106: =IF(O106="Grounded",100,IF(O106="Partial",50,0)) -> 50 | Q106: =MAX(0,50-ABS(M106-1)*15)+MAX(0,50-ABS(N106-2)*15) -> 85 | R106: =IF(O106="Grounded",100,IF(O106="Partial",60,10)) -> 60 | S106: =IF(O106="Grounded",100,IF(O106="Partial",50,0)) -> 50 | T106: =IF(O106="Grounded",0,IF(O106="Partial",40,90)) -> 40 | U106: =ROUND((P106+Q106+R106+S106+(100-T106))/5,0) -> 61 | V106: =O106 -> Partial | W106: =IF(O106="Grounded","MISSION SUCCESS: The antenna remains protected until the storm passes, preserving long-range communications.",IF(O106="Partial","MISSION PROTECTED: Response held for more evidence; Try New Mission.","RISK BLOCKED: Unsupported action prevented; Try New Mission.")) -> MISSION PROTECTED: Response held for more evidence; Try New Mission. | X106: =IF(O106="Grounded","MISSION SUCCESS + PROCESS WARNING; trust 70. The antenna remains protected until the storm passes, preserving long-range communications.",IF(O106="Partial","MISSION DELAYED; trust 35. The crew postpones external communication while checking the debris alert.","GAME OVER; trust 5. High-velocity debris strikes the extended antenna, destroying the ship's long-range communication system.")) -> MISSION DELAYED; trust 35. The crew postpones external communication while checking the debris alert. | Y106: =O106&" answer | Retrieval "&P106&"% | Ranking "&Q106&"% | Grounding "&R106&"% | Citation "&S106&"% | Hallucination Risk "&T106&"% | Trust "&U106&"%" -> Partial answer | Retrieval 50% | Ranking 85% | Grounding 60% | Citation 50% | Hallucination Risk 40% | Trust 61% | AA106: Not Run
A107: R-antenna_storm-06 | B107: antenna_storm | C107: Antenna Debris Safety | D107: Can we extend the long-range antenna during the current micrometeor storm? | E107: K1 | F107: antenna_debris_rule: The long-range antenna must remain retracted whenever a debris alert is active. | G107: D2 | H107: antenna_signal_strength: The long-range antenna improves communication with distant stations. | I107: D1 | J107: internal_communications: Internal crew communication uses a separate short-range network. | K107: K2 | L107: storm_debris_status: The current micrometeor storm has triggered an active high-velocity debris alert. | M107: =IF(E107="K1",1,IF(G107="K1",2,IF(I107="K1",3,4))) -> 1 | N107: =IF(E107="K2",1,IF(G107="K2",2,IF(I107="K2",3,4))) -> 4 | O107: =IF(AND(M107<=2,N107<=2),"Grounded",IF(OR(M107<=2,N107<=2),"Partial","Risky")) -> Partial | P107: =IF(O107="Grounded",100,IF(O107="Partial",50,0)) -> 50 | Q107: =MAX(0,50-ABS(M107-1)*15)+MAX(0,50-ABS(N107-2)*15) -> 70 | R107: =IF(O107="Grounded",100,IF(O107="Partial",60,10)) -> 60 | S107: =IF(O107="Grounded",100,IF(O107="Partial",50,0)) -> 50 | T107: =IF(O107="Grounded",0,IF(O107="Partial",40,90)) -> 40 | U107: =ROUND((P107+Q107+R107+S107+(100-T107))/5,0) -> 58 | V107: =O107 -> Partial | W107: =IF(O107="Grounded","MISSION SUCCESS: The antenna remains protected until the storm passes, preserving long-range communications.",IF(O107="Partial","MISSION PROTECTED: Response held for more evidence; Try New Mission.","RISK BLOCKED: Unsupported action prevented; Try New Mission.")) -> MISSION PROTECTED: Response held for more evidence; Try New Mission. | X107: =IF(O107="Grounded","MISSION SUCCESS + PROCESS WARNING; trust 70. The antenna remains protected until the storm passes, preserving long-range communications.",IF(O107="Partial","MISSION DELAYED; trust 35. The crew postpones external communication while checking the debris alert.","GAME OVER; trust 5. High-velocity debris strikes the extended antenna, destroying the ship's long-range communication system.")) -> MISSION DELAYED; trust 35. The crew postpones external communication while checking the debris alert. | Y107: =O107&" answer | Retrieval "&P107&"% | Ranking "&Q107&"% | Grounding "&R107&"% | Citation "&S107&"% | Hallucination Risk "&T107&"% | Trust "&U107&"%" -> Partial answer | Retrieval 50% | Ranking 70% | Grounding 60% | Citation 50% | Hallucination Risk 40% | Trust 58% | AA107: Not Run
A108: R-antenna_storm-07 | B108: antenna_storm | C108: Antenna Debris Safety | D108: Can we extend the long-range antenna during the current micrometeor storm? | E108: K2 | F108: storm_debris_status: The current micrometeor storm has triggered an active high-velocity debris alert. | G108: K1 | H108: antenna_debris_rule: The long-range antenna must remain retracted whenever a debris alert is active. | I108: D1 | J108: internal_communications: Internal crew communication uses a separate short-range network. | K108: D2 | L108: antenna_signal_strength: The long-range antenna improves communication with distant stations. | M108: =IF(E108="K1",1,IF(G108="K1",2,IF(I108="K1",3,4))) -> 2 | N108: =IF(E108="K2",1,IF(G108="K2",2,IF(I108="K2",3,4))) -> 1 | O108: =IF(AND(M108<=2,N108<=2),"Grounded",IF(OR(M108<=2,N108<=2),"Partial","Risky")) -> Grounded | P108: =IF(O108="Grounded",100,IF(O108="Partial",50,0)) -> 100 | Q108: =MAX(0,50-ABS(M108-1)*15)+MAX(0,50-ABS(N108-2)*15) -> 70 | R108: =IF(O108="Grounded",100,IF(O108="Partial",60,10)) -> 100 | S108: =IF(O108="Grounded",100,IF(O108="Partial",50,0)) -> 100 | T108: =IF(O108="Grounded",0,IF(O108="Partial",40,90)) -> 0 | U108: =ROUND((P108+Q108+R108+S108+(100-T108))/5,0) -> 94 | V108: =O108 -> Grounded | W108: =IF(O108="Grounded","MISSION SUCCESS: The antenna remains protected until the storm passes, preserving long-range communications.",IF(O108="Partial","MISSION PROTECTED: Response held for more evidence; Try New Mission.","RISK BLOCKED: Unsupported action prevented; Try New Mission.")) -> MISSION SUCCESS: The antenna remains protected until the storm passes, preserving long-range communications. | X108: =IF(O108="Grounded","MISSION SUCCESS + PROCESS WARNING; trust 70. The antenna remains protected until the storm passes, preserving long-range communications.",IF(O108="Partial","MISSION DELAYED; trust 35. The crew postpones external communication while checking the debris alert.","GAME OVER; trust 5. High-velocity debris strikes the extended antenna, destroying the ship's long-range communication system.")) -> MISSION SUCCESS + PROCESS WARNING; trust 70. The antenna remains protected until the storm passes, preserving long-range communications. | Y108: =O108&" answer | Retrieval "&P108&"% | Ranking "&Q108&"% | Grounding "&R108&"% | Citation "&S108&"% | Hallucination Risk "&T108&"% | Trust "&U108&"%" -> Grounded answer | Retrieval 100% | Ranking 70% | Grounding 100% | Citation 100% | Hallucination Risk 0% | Trust 94% | AA108: Not Run
A109: R-antenna_storm-08 | B109: antenna_storm | C109: Antenna Debris Safety | D109: Can we extend the long-range antenna during the current micrometeor storm? | E109: K2 | F109: storm_debris_status: The current micrometeor storm has triggered an active high-velocity debris alert. | G109: K1 | H109: antenna_debris_rule: The long-range antenna must remain retracted whenever a debris alert is active. | I109: D2 | J109: antenna_signal_strength: The long-range antenna improves communication with distant stations. | K109: D1 | L109: internal_communications: Internal crew communication uses a separate short-range network. | M109: =IF(E109="K1",1,IF(G109="K1",2,IF(I109="K1",3,4))) -> 2 | N109: =IF(E109="K2",1,IF(G109="K2",2,IF(I109="K2",3,4))) -> 1 | O109: =IF(AND(M109<=2,N109<=2),"Grounded",IF(OR(M109<=2,N109<=2),"Partial","Risky")) -> Grounded | P109: =IF(O109="Grounded",100,IF(O109="Partial",50,0)) -> 100 | Q109: =MAX(0,50-ABS(M109-1)*15)+MAX(0,50-ABS(N109-2)*15) -> 70 | R109: =IF(O109="Grounded",100,IF(O109="Partial",60,10)) -> 100 | S109: =IF(O109="Grounded",100,IF(O109="Partial",50,0)) -> 100 | T109: =IF(O109="Grounded",0,IF(O109="Partial",40,90)) -> 0 | U109: =ROUND((P109+Q109+R109+S109+(100-T109))/5,0) -> 94 | V109: =O109 -> Grounded | W109: =IF(O109="Grounded","MISSION SUCCESS: The antenna remains protected until the storm passes, preserving long-range communications.",IF(O109="Partial","MISSION PROTECTED: Response held for more evidence; Try New Mission.","RISK BLOCKED: Unsupported action prevented; Try New Mission.")) -> MISSION SUCCESS: The antenna remains protected until the storm passes, preserving long-range communications. | X109: =IF(O109="Grounded","MISSION SUCCESS + PROCESS WARNING; trust 70. The antenna remains protected until the storm passes, preserving long-range communications.",IF(O109="Partial","MISSION DELAYED; trust 35. The crew postpones external communication while checking the debris alert.","GAME OVER; trust 5. High-velocity debris strikes the extended antenna, destroying the ship's long-range communication system.")) -> MISSION SUCCESS + PROCESS WARNING; trust 70. The antenna remains protected until the storm passes, preserving long-range communications. | Y109: =O109&" answer | Retrieval "&P109&"% | Ranking "&Q109&"% | Grounding "&R109&"% | Citation "&S109&"% | Hallucination Risk "&T109&"% | Trust "&U109&"%" -> Grounded answer | Retrieval 100% | Ranking 70% | Grounding 100% | Citation 100% | Hallucination Risk 0% | Trust 94% | AA109: Not Run
A110: R-antenna_storm-09 | B110: antenna_storm | C110: Antenna Debris Safety | D110: Can we extend the long-range antenna during the current micrometeor storm? | E110: K2 | F110: storm_debris_status: The current micrometeor storm has triggered an active high-velocity debris alert. | G110: D1 | H110: internal_communications: Internal crew communication uses a separate short-range network. | I110: K1 | J110: antenna_debris_rule: The long-range antenna must remain retracted whenever a debris alert is active. | K110: D2 | L110: antenna_signal_strength: The long-range antenna improves communication with distant stations. | M110: =IF(E110="K1",1,IF(G110="K1",2,IF(I110="K1",3,4))) -> 3 | N110: =IF(E110="K2",1,IF(G110="K2",2,IF(I110="K2",3,4))) -> 1 | O110: =IF(AND(M110<=2,N110<=2),"Grounded",IF(OR(M110<=2,N110<=2),"Partial","Risky")) -> Partial | P110: =IF(O110="Grounded",100,IF(O110="Partial",50,0)) -> 50 | Q110: =MAX(0,50-ABS(M110-1)*15)+MAX(0,50-ABS(N110-2)*15) -> 55 | R110: =IF(O110="Grounded",100,IF(O110="Partial",60,10)) -> 60 | S110: =IF(O110="Grounded",100,IF(O110="Partial",50,0)) -> 50 | T110: =IF(O110="Grounded",0,IF(O110="Partial",40,90)) -> 40 | U110: =ROUND((P110+Q110+R110+S110+(100-T110))/5,0) -> 55 | V110: =O110 -> Partial | W110: =IF(O110="Grounded","MISSION SUCCESS: The antenna remains protected until the storm passes, preserving long-range communications.",IF(O110="Partial","MISSION PROTECTED: Response held for more evidence; Try New Mission.","RISK BLOCKED: Unsupported action prevented; Try New Mission.")) -> MISSION PROTECTED: Response held for more evidence; Try New Mission. | X110: =IF(O110="Grounded","MISSION SUCCESS + PROCESS WARNING; trust 70. The antenna remains protected until the storm passes, preserving long-range communications.",IF(O110="Partial","MISSION DELAYED; trust 35. The crew postpones external communication while checking the debris alert.","GAME OVER; trust 5. High-velocity debris strikes the extended antenna, destroying the ship's long-range communication system.")) -> MISSION DELAYED; trust 35. The crew postpones external communication while checking the debris alert. | Y110: =O110&" answer | Retrieval "&P110&"% | Ranking "&Q110&"% | Grounding "&R110&"% | Citation "&S110&"% | Hallucination Risk "&T110&"% | Trust "&U110&"%" -> Partial answer | Retrieval 50% | Ranking 55% | Grounding 60% | Citation 50% | Hallucination Risk 40% | Trust 55% | AA110: Not Run
A111: R-antenna_storm-10 | B111: antenna_storm | C111: Antenna Debris Safety | D111: Can we extend the long-range antenna during the current micrometeor storm? | E111: K2 | F111: storm_debris_status: The current micrometeor storm has triggered an active high-velocity debris alert. | G111: D1 | H111: internal_communications: Internal crew communication uses a separate short-range network. | I111: D2 | J111: antenna_signal_strength: The long-range antenna improves communication with distant stations. | K111: K1 | L111: antenna_debris_rule: The long-range antenna must remain retracted whenever a debris alert is active. | M111: =IF(E111="K1",1,IF(G111="K1",2,IF(I111="K1",3,4))) -> 4 | N111: =IF(E111="K2",1,IF(G111="K2",2,IF(I111="K2",3,4))) -> 1 | O111: =IF(AND(M111<=2,N111<=2),"Grounded",IF(OR(M111<=2,N111<=2),"Partial","Risky")) -> Partial | P111: =IF(O111="Grounded",100,IF(O111="Partial",50,0)) -> 50 | Q111: =MAX(0,50-ABS(M111-1)*15)+MAX(0,50-ABS(N111-2)*15) -> 40 | R111: =IF(O111="Grounded",100,IF(O111="Partial",60,10)) -> 60 | S111: =IF(O111="Grounded",100,IF(O111="Partial",50,0)) -> 50 | T111: =IF(O111="Grounded",0,IF(O111="Partial",40,90)) -> 40 | U111: =ROUND((P111+Q111+R111+S111+(100-T111))/5,0) -> 52 | V111: =O111 -> Partial | W111: =IF(O111="Grounded","MISSION SUCCESS: The antenna remains protected until the storm passes, preserving long-range communications.",IF(O111="Partial","MISSION PROTECTED: Response held for more evidence; Try New Mission.","RISK BLOCKED: Unsupported action prevented; Try New Mission.")) -> MISSION PROTECTED: Response held for more evidence; Try New Mission. | X111: =IF(O111="Grounded","MISSION SUCCESS + PROCESS WARNING; trust 70. The antenna remains protected until the storm passes, preserving long-range communications.",IF(O111="Partial","MISSION DELAYED; trust 35. The crew postpones external communication while checking the debris alert.","GAME OVER; trust 5. High-velocity debris strikes the extended antenna, destroying the ship's long-range communication system.")) -> MISSION DELAYED; trust 35. The crew postpones external communication while checking the debris alert. | Y111: =O111&" answer | Retrieval "&P111&"% | Ranking "&Q111&"% | Grounding "&R111&"% | Citation "&S111&"% | Hallucination Risk "&T111&"% | Trust "&U111&"%" -> Partial answer | Retrieval 50% | Ranking 40% | Grounding 60% | Citation 50% | Hallucination Risk 40% | Trust 52% | AA111: Not Run
A112: R-antenna_storm-11 | B112: antenna_storm | C112: Antenna Debris Safety | D112: Can we extend the long-range antenna during the current micrometeor storm? | E112: K2 | F112: storm_debris_status: The current micrometeor storm has triggered an active high-velocity debris alert. | G112: D2 | H112: antenna_signal_strength: The long-range antenna improves communication with distant stations. | I112: K1 | J112: antenna_debris_rule: The long-range antenna must remain retracted whenever a debris alert is active. | K112: D1 | L112: internal_communications: Internal crew communication uses a separate short-range network. | M112: =IF(E112="K1",1,IF(G112="K1",2,IF(I112="K1",3,4))) -> 3 | N112: =IF(E112="K2",1,IF(G112="K2",2,IF(I112="K2",3,4))) -> 1 | O112: =IF(AND(M112<=2,N112<=2),"Grounded",IF(OR(M112<=2,N112<=2),"Partial","Risky")) -> Partial | P112: =IF(O112="Grounded",100,IF(O112="Partial",50,0)) -> 50 | Q112: =MAX(0,50-ABS(M112-1)*15)+MAX(0,50-ABS(N112-2)*15) -> 55 | R112: =IF(O112="Grounded",100,IF(O112="Partial",60,10)) -> 60 | S112: =IF(O112="Grounded",100,IF(O112="Partial",50,0)) -> 50 | T112: =IF(O112="Grounded",0,IF(O112="Partial",40,90)) -> 40 | U112: =ROUND((P112+Q112+R112+S112+(100-T112))/5,0) -> 55 | V112: =O112 -> Partial | W112: =IF(O112="Grounded","MISSION SUCCESS: The antenna remains protected until the storm passes, preserving long-range communications.",IF(O112="Partial","MISSION PROTECTED: Response held for more evidence; Try New Mission.","RISK BLOCKED: Unsupported action prevented; Try New Mission.")) -> MISSION PROTECTED: Response held for more evidence; Try New Mission. | X112: =IF(O112="Grounded","MISSION SUCCESS + PROCESS WARNING; trust 70. The antenna remains protected until the storm passes, preserving long-range communications.",IF(O112="Partial","MISSION DELAYED; trust 35. The crew postpones external communication while checking the debris alert.","GAME OVER; trust 5. High-velocity debris strikes the extended antenna, destroying the ship's long-range communication system.")) -> MISSION DELAYED; trust 35. The crew postpones external communication while checking the debris alert. | Y112: =O112&" answer | Retrieval "&P112&"% | Ranking "&Q112&"% | Grounding "&R112&"% | Citation "&S112&"% | Hallucination Risk "&T112&"% | Trust "&U112&"%" -> Partial answer | Retrieval 50% | Ranking 55% | Grounding 60% | Citation 50% | Hallucination Risk 40% | Trust 55% | AA112: Not Run
A113: R-antenna_storm-12 | B113: antenna_storm | C113: Antenna Debris Safety | D113: Can we extend the long-range antenna during the current micrometeor storm? | E113: K2 | F113: storm_debris_status: The current micrometeor storm has triggered an active high-velocity debris alert. | G113: D2 | H113: antenna_signal_strength: The long-range antenna improves communication with distant stations. | I113: D1 | J113: internal_communications: Internal crew communication uses a separate short-range network. | K113: K1 | L113: antenna_debris_rule: The long-range antenna must remain retracted whenever a debris alert is active. | M113: =IF(E113="K1",1,IF(G113="K1",2,IF(I113="K1",3,4))) -> 4 | N113: =IF(E113="K2",1,IF(G113="K2",2,IF(I113="K2",3,4))) -> 1 | O113: =IF(AND(M113<=2,N113<=2),"Grounded",IF(OR(M113<=2,N113<=2),"Partial","Risky")) -> Partial | P113: =IF(O113="Grounded",100,IF(O113="Partial",50,0)) -> 50 | Q113: =MAX(0,50-ABS(M113-1)*15)+MAX(0,50-ABS(N113-2)*15) -> 40 | R113: =IF(O113="Grounded",100,IF(O113="Partial",60,10)) -> 60 | S113: =IF(O113="Grounded",100,IF(O113="Partial",50,0)) -> 50 | T113: =IF(O113="Grounded",0,IF(O113="Partial",40,90)) -> 40 | U113: =ROUND((P113+Q113+R113+S113+(100-T113))/5,0) -> 52 | V113: =O113 -> Partial | W113: =IF(O113="Grounded","MISSION SUCCESS: The antenna remains protected until the storm passes, preserving long-range communications.",IF(O113="Partial","MISSION PROTECTED: Response held for more evidence; Try New Mission.","RISK BLOCKED: Unsupported action prevented; Try New Mission.")) -> MISSION PROTECTED: Response held for more evidence; Try New Mission. | X113: =IF(O113="Grounded","MISSION SUCCESS + PROCESS WARNING; trust 70. The antenna remains protected until the storm passes, preserving long-range communications.",IF(O113="Partial","MISSION DELAYED; trust 35. The crew postpones external communication while checking the debris alert.","GAME OVER; trust 5. High-velocity debris strikes the extended antenna, destroying the ship's long-range communication system.")) -> MISSION DELAYED; trust 35. The crew postpones external communication while checking the debris alert. | Y113: =O113&" answer | Retrieval "&P113&"% | Ranking "&Q113&"% | Grounding "&R113&"% | Citation "&S113&"% | Hallucination Risk "&T113&"% | Trust "&U113&"%" -> Partial answer | Retrieval 50% | Ranking 40% | Grounding 60% | Citation 50% | Hallucination Risk 40% | Trust 52% | AA113: Not Run
A114: R-antenna_storm-13 | B114: antenna_storm | C114: Antenna Debris Safety | D114: Can we extend the long-range antenna during the current micrometeor storm? | E114: D1 | F114: internal_communications: Internal crew communication uses a separate short-range network. | G114: K1 | H114: antenna_debris_rule: The long-range antenna must remain retracted whenever a debris alert is active. | I114: K2 | J114: storm_debris_status: The current micrometeor storm has triggered an active high-velocity debris alert. | K114: D2 | L114: antenna_signal_strength: The long-range antenna improves communication with distant stations. | M114: =IF(E114="K1",1,IF(G114="K1",2,IF(I114="K1",3,4))) -> 2 | N114: =IF(E114="K2",1,IF(G114="K2",2,IF(I114="K2",3,4))) -> 3 | O114: =IF(AND(M114<=2,N114<=2),"Grounded",IF(OR(M114<=2,N114<=2),"Partial","Risky")) -> Partial | P114: =IF(O114="Grounded",100,IF(O114="Partial",50,0)) -> 50 | Q114: =MAX(0,50-ABS(M114-1)*15)+MAX(0,50-ABS(N114-2)*15) -> 70 | R114: =IF(O114="Grounded",100,IF(O114="Partial",60,10)) -> 60 | S114: =IF(O114="Grounded",100,IF(O114="Partial",50,0)) -> 50 | T114: =IF(O114="Grounded",0,IF(O114="Partial",40,90)) -> 40 | U114: =ROUND((P114+Q114+R114+S114+(100-T114))/5,0) -> 58 | V114: =O114 -> Partial | W114: =IF(O114="Grounded","MISSION SUCCESS: The antenna remains protected until the storm passes, preserving long-range communications.",IF(O114="Partial","MISSION PROTECTED: Response held for more evidence; Try New Mission.","RISK BLOCKED: Unsupported action prevented; Try New Mission.")) -> MISSION PROTECTED: Response held for more evidence; Try New Mission. | X114: =IF(O114="Grounded","MISSION SUCCESS + PROCESS WARNING; trust 70. The antenna remains protected until the storm passes, preserving long-range communications.",IF(O114="Partial","MISSION DELAYED; trust 35. The crew postpones external communication while checking the debris alert.","GAME OVER; trust 5. High-velocity debris strikes the extended antenna, destroying the ship's long-range communication system.")) -> MISSION DELAYED; trust 35. The crew postpones external communication while checking the debris alert. | Y114: =O114&" answer | Retrieval "&P114&"% | Ranking "&Q114&"% | Grounding "&R114&"% | Citation "&S114&"% | Hallucination Risk "&T114&"% | Trust "&U114&"%" -> Partial answer | Retrieval 50% | Ranking 70% | Grounding 60% | Citation 50% | Hallucination Risk 40% | Trust 58% | AA114: Not Run
... A125: R-antenna_storm-24 | B125: antenna_storm | C125: Antenna Debris Safety | D125: Can we extend the long-range antenna during the current micrometeor storm? | E125: D2 | F125: antenna_signal_strength: The long-range antenna improves communication with distant stations. | G125: D1 | H125: internal_communications: Internal crew communication uses a separate short-range network. | I125: K2 | J125: storm_debris_status: The current micrometeor storm has triggered an active high-velocity debris alert. | K125: K1 | L125: antenna_debris_rule: The long-range antenna must remain retracted whenever a debris alert is active. | M125: =IF(E125="K1",1,IF(G125="K1",2,IF(I125="K1",3,4))) -> 4 | N125: =IF(E125="K2",1,IF(G125="K2",2,IF(I125="K2",3,4))) -> 3 | O125: =IF(AND(M125<=2,N125<=2),"Grounded",IF(OR(M125<=2,N125<=2),"Partial","Risky")) -> Risky | P125: =IF(O125="Grounded",100,IF(O125="Partial",50,0)) -> 0 | Q125: =MAX(0,50-ABS(M125-1)*15)+MAX(0,50-ABS(N125-2)*15) -> 40 | R125: =IF(O125="Grounded",100,IF(O125="Partial",60,10)) -> 10 | S125: =IF(O125="Grounded",100,IF(O125="Partial",50,0)) -> 0 | T125: =IF(O125="Grounded",0,IF(O125="Partial",40,90)) -> 90 | U125: =ROUND((P125+Q125+R125+S125+(100-T125))/5,0) -> 12 | V125: =O125 -> Risky | W125: =IF(O125="Grounded","MISSION SUCCESS: The antenna remains protected until the storm passes, preserving long-range communications.",IF(O125="Partial","MISSION PROTECTED: Response held for more evidence; Try New Mission.","RISK BLOCKED: Unsupported action prevented; Try New Mission.")) -> RISK BLOCKED: Unsupported action prevented; Try New Mission. | X125: =IF(O125="Grounded","MISSION SUCCESS + PROCESS WARNING; trust 70. The antenna remains protected until the storm passes, preserving long-range communications.",IF(O125="Partial","MISSION DELAYED; trust 35. The crew postpones external communication while checking the debris alert.","GAME OVER; trust 5. High-velocity debris strikes the extended antenna, destroying the ship's long-range communication system.")) -> GAME OVER; trust 5. High-velocity debris strikes the extended antenna, destroying the ship's long-range communication system. | Y125: =O125&" answer | Retrieval "&P125&"% | Ranking "&Q125&"% | Grounding "&R125&"% | Citation "&S125&"% | Hallucination Risk "&T125&"% | Trust "&U125&"%" -> Risky answer | Retrieval 0% | Ranking 40% | Grounding 10% | Citation 0% | Hallucination Risk 90% | Trust 12% | AA125: Not Run

Sheet Validation Branch Tests
A1: Validation Branch Tests
A3: Representative ranking for each answer quality, every player assessment choice, and the skip-validation path.
A5: Test ID | B5: Mission ID | C5: Crew Query | D5: Path | E5: Rank 1 | F5: Rank 2 | G5: Rank 3 | H5: Rank 4 | I5: Actual Answer Type | J5: Player Choice | K5: Expected Feedback / Outcome | L5: Expected Result | M5: Real Result | N5: Comparison Status
A6: V-solar_shield-G-G | B6: solar_shield | C6: Can we activate the solar shield during low battery mode? | D6: Validate | E6: K1 | F6: K2 | G6: D1 | H6: D2 | I6: Grounded | J6: Grounded | K6: CORRECT ASSESSMENT: This answer is Grounded. Retrieval 100 | Ranking 100 | Grounding 100 | Citation 100 | Risk 0 | Trust 100 MISSION SUCCESS: The shield remains offline. Battery power is preserved for essential systems. | L6: Correct player assessment; actual quality remains Grounded. | N6: Not Run
A7: V-solar_shield-G-P | B7: solar_shield | C7: Can we activate the solar shield during low battery mode? | D7: Validate | E7: K1 | F7: K2 | G7: D1 | H7: D2 | I7: Grounded | J7: Partial | K7: ASSESSMENT NEEDS REVIEW: This answer is actually Grounded. Retrieval 100 | Ranking 100 | Grounding 100 | Citation 100 | Risk 0 | Trust 100 MISSION SUCCESS: The shield remains offline. Battery power is preserved for essential systems. | L7: Incorrect player assessment; actual quality remains Grounded. | N7: Not Run
A8: V-solar_shield-G-R | B8: solar_shield | C8: Can we activate the solar shield during low battery mode? | D8: Validate | E8: K1 | F8: K2 | G8: D1 | H8: D2 | I8: Grounded | J8: Risky | K8: ASSESSMENT NEEDS REVIEW: This answer is actually Grounded. Retrieval 100 | Ranking 100 | Grounding 100 | Citation 100 | Risk 0 | Trust 100 MISSION SUCCESS: The shield remains offline. Battery power is preserved for essential systems. | L8: Incorrect player assessment; actual quality remains Grounded. | N8: Not Run
A9: V-solar_shield-G-SKIP | B9: solar_shield | C9: Can we activate the solar shield during low battery mode? | D9: Provide Answer / Skip Validation | E9: K1 | F9: K2 | G9: D1 | H9: D2 | I9: Grounded | J9: N/A | K9: MISSION SUCCESS + PROCESS WARNING; trust 70. The shield remains offline. Battery power is preserved for essential systems. | L9: No validation assessment screen; outcome must match Grounded skip path. | N9: Not Run
A10: V-solar_shield-P-G | B10: solar_shield | C10: Can we activate the solar shield during low battery mode? | D10: Validate | E10: K1 | F10: D1 | G10: K2 | H10: D2 | I10: Partial | J10: Grounded | K10: ASSESSMENT NEEDS REVIEW: This answer is actually Partial. Retrieval 50 | Ranking 85 | Grounding 60 | Citation 50 | Risk 40 | Trust 61 MISSION PROTECTED: Response held for more evidence; Try New Mission. | L10: Incorrect player assessment; actual quality remains Partial. | N10: Not Run
A11: V-solar_shield-P-P | B11: solar_shield | C11: Can we activate the solar shield during low battery mode? | D11: Validate | E11: K1 | F11: D1 | G11: K2 | H11: D2 | I11: Partial | J11: Partial | K11: CORRECT ASSESSMENT: This answer is Partial. Retrieval 50 | Ranking 85 | Grounding 60 | Citation 50 | Risk 40 | Trust 61 MISSION PROTECTED: Response held for more evidence; Try New Mission. | L11: Correct player assessment; actual quality remains Partial. | N11: Not Run
A12: V-solar_shield-P-R | B12: solar_shield | C12: Can we activate the solar shield during low battery mode? | D12: Validate | E12: K1 | F12: D1 | G12: K2 | H12: D2 | I12: Partial | J12: Risky | K12: ASSESSMENT NEEDS REVIEW: This answer is actually Partial. Retrieval 50 | Ranking 85 | Grounding 60 | Citation 50 | Risk 40 | Trust 61 MISSION PROTECTED: Response held for more evidence; Try New Mission. | L12: Incorrect player assessment; actual quality remains Partial. | N12: Not Run
A13: V-solar_shield-P-SKIP | B13: solar_shield | C13: Can we activate the solar shield during low battery mode? | D13: Provide Answer / Skip Validation | E13: K1 | F13: D1 | G13: K2 | H13: D2 | I13: Partial | J13: N/A | K13: MISSION DELAYED; trust 35. The crew pauses the decision while battery reserves continue to fall. | L13: No validation assessment screen; outcome must match Partial skip path. | N13: Not Run
A14: V-solar_shield-R-G | B14: solar_shield | C14: Can we activate the solar shield during low battery mode? | D14: Validate | E14: D1 | F14: D2 | G14: K1 | H14: K2 | I14: Risky | J14: Grounded | K14: ASSESSMENT NEEDS REVIEW: This answer is actually Risky. Retrieval 0 | Ranking 40 | Grounding 10 | Citation 0 | Risk 90 | Trust 12 RISK BLOCKED: Unsupported action prevented; Try New Mission. | L14: Incorrect player assessment; actual quality remains Risky. | N14: Not Run
A15: V-solar_shield-R-P | B15: solar_shield | C15: Can we activate the solar shield during low battery mode? | D15: Validate | E15: D1 | F15: D2 | G15: K1 | H15: K2 | I15: Risky | J15: Partial | K15: ASSESSMENT NEEDS REVIEW: This answer is actually Risky. Retrieval 0 | Ranking 40 | Grounding 10 | Citation 0 | Risk 90 | Trust 12 RISK BLOCKED: Unsupported action prevented; Try New Mission. | L15: Incorrect player assessment; actual quality remains Risky. | N15: Not Run
A16: V-solar_shield-R-R | B16: solar_shield | C16: Can we activate the solar shield during low battery mode? | D16: Validate | E16: D1 | F16: D2 | G16: K1 | H16: K2 | I16: Risky | J16: Risky | K16: CORRECT ASSESSMENT: This answer is Risky. Retrieval 0 | Ranking 40 | Grounding 10 | Citation 0 | Risk 90 | Trust 12 RISK BLOCKED: Unsupported action prevented; Try New Mission. | L16: Correct player assessment; actual quality remains Risky. | N16: Not Run
A17: V-solar_shield-R-SKIP | B17: solar_shield | C17: Can we activate the solar shield during low battery mode? | D17: Provide Answer / Skip Validation | E17: D1 | F17: D2 | G17: K1 | H17: K2 | I17: Risky | J17: N/A | K17: GAME OVER; trust 5. The shield overloads the low-battery system and causes a shipwide power emergency. | L17: No validation assessment screen; outcome must match Risky skip path. | N17: Not Run
... A65: V-antenna_storm-R-SKIP | B65: antenna_storm | C65: Can we extend the long-range antenna during the current micrometeor storm? | D65: Provide Answer / Skip Validation | E65: D1 | F65: D2 | G65: K1 | H65: K2 | I65: Risky | J65: N/A | K65: GAME OVER; trust 5. High-velocity debris strikes the extended antenna, destroying the ship's long-range communication system. | L65: No validation assessment screen; outcome must match Risky skip path. | N65: Not Run

Sheet Evidence Mutation Tests
A1: Evidence Mutation Tests
A3: Temporarily edit MissionData in the Inspector, run the stated ranking, record the real result, then restore the original data.
A5: Test ID | B5: Mission ID | C5: Crew Query | D5: Mutation | E5: Inspector Edit | F5: Rank 1 | G5: Rank 2 | H5: Rank 3 | I5: Rank 4 | J5: Expected Behavior | K5: Expected Result | L5: Real Result | M5: Comparison Status
A6: M-solar_shield-01 | B6: solar_shield | C6: Can we activate the solar shield during low battery mode? | D6: Baseline metadata | E6: No edit. Keep K1=1, K2=2, D1=0, D2=0. | F6: K1 | G6: K2 | H6: D1 | I6: D2 | J6: Normal grounded control case. | K6: Grounded; Retrieval 100; Ranking 100; Trust 100. | M6: Run
A7: M-solar_shield-02 | B7: solar_shield | C7: Can we activate the solar shield during low battery mode? | D7: Swap key ideal ranks | E7: Set original K1 idealRank=2 and original K2 idealRank=1. | F7: K1 | G7: K2 | H7: D1 | I7: D2 | J7: Both metadata keys remain in the top two, but their ideal positions are reversed. | K7: Grounded; Retrieval 100; Ranking 70; Trust 94. | M7: Not Run
A8: M-solar_shield-03 | B8: solar_shield | C8: Can we activate the solar shield during low battery mode? | D8: Remove K2 key metadata | E8: Set original K2 idealRank from 2 to 0. | F8: K1 | G8: K2 | H8: D1 | I8: D2 | J8: Only idealRank 1 can be found even though all four cards are ranked. | K8: Partial; Retrieval 50; Ranking 50; Trust 54. | M8: Not Run
A9: M-solar_shield-04 | B9: solar_shield | C9: Can we activate the solar shield during low battery mode? | D9: False key duplicate (idealRank 1) | E9: Set D1 idealRank from 0 to 1. Keep K1=1 and K2=2. | F9: D1 | G9: K2 | H9: K1 | I9: D2 | J9: The first top-ranked idealRank 1 card is the distractor, exposing metadata dependence. | K9: Grounded false positive; expected metrics can reach Retrieval 100, Ranking 100, Trust 100 despite wrong evidence text. | M9: Not Run
A10: M-solar_shield-05 | B10: solar_shield | C10: Can we activate the solar shield during low battery mode? | D10: Contradictory wording only | E10: Change D1 text to contradict the correct answer; keep all idealRank values unchanged. | F10: D1 | G10: K2 | H10: K1 | I10: D2 | J10: Text meaning is not evaluated in Version 1; original metadata still controls the result. | K10: Partial; text contradiction alone must not change quality. | M10: Not Run
A11: M-solar_shield-06 | B11: solar_shield | C11: Can we activate the solar shield during low battery mode? | D11: Blank key evidence text | E11: Temporarily clear K1 evidence text; keep idealRank=1. | F11: K1 | G11: K2 | H11: D1 | I11: D2 | J11: Scoring still recognizes K1 metadata, but the card should visibly expose missing content. | K11: Grounded; Trust 100; UI/content defect should be noted in Real Result. | M11: Not Run
A12: M-solar_shield-07 | B12: solar_shield | C12: Can we activate the solar shield during low battery mode? | D12: Long evidence text | E12: Replace K2 text with at least 180 characters; keep idealRank=2. | F12: K1 | G12: K2 | H12: D1 | I12: D2 | J12: Logic remains grounded; card text should wrap without clipping or overlapping controls. | K12: Grounded; Trust 100; no UI clipping, overflow, or unreadable text. | M12: Not Run
A13: M-cargo_bay-01 | B13: cargo_bay | C13: Can we open the exterior cargo bay while the ship is moving at cruise speed? | D13: Baseline metadata | E13: No edit. Keep K1=1, K2=2, D1=0, D2=0. | F13: K1 | G13: K2 | H13: D1 | I13: D2 | J13: Normal grounded control case. | K13: Grounded; Retrieval 100; Ranking 100; Trust 100. | L13: Working | M13: Run
A14: M-cargo_bay-02 | B14: cargo_bay | C14: Can we open the exterior cargo bay while the ship is moving at cruise speed? | D14: Swap key ideal ranks | E14: Set original K1 idealRank=2 and original K2 idealRank=1. | F14: K1 | G14: K2 | H14: D1 | I14: D2 | J14: Both metadata keys remain in the top two, but their ideal positions are reversed. | K14: Grounded; Retrieval 100; Ranking 70; Trust 94. | M14: Not Run
A15: M-cargo_bay-03 | B15: cargo_bay | C15: Can we open the exterior cargo bay while the ship is moving at cruise speed? | D15: Remove K2 key metadata | E15: Set original K2 idealRank from 2 to 0. | F15: K1 | G15: K2 | H15: D1 | I15: D2 | J15: Only idealRank 1 can be found even though all four cards are ranked. | K15: Partial; Retrieval 50; Ranking 50; Trust 54. | M15: Not Run
A16: M-cargo_bay-04 | B16: cargo_bay | C16: Can we open the exterior cargo bay while the ship is moving at cruise speed? | D16: False key duplicate (idealRank 1) | E16: Set D1 idealRank from 0 to 1. Keep K1=1 and K2=2. | F16: D1 | G16: K2 | H16: K1 | I16: D2 | J16: The first top-ranked idealRank 1 card is the distractor, exposing metadata dependence. | K16: Grounded false positive; expected metrics can reach Retrieval 100, Ranking 100, Trust 100 despite wrong evidence text. | M16: Not Run
A17: M-cargo_bay-05 | B17: cargo_bay | C17: Can we open the exterior cargo bay while the ship is moving at cruise speed? | D17: Contradictory wording only | E17: Change D1 text to contradict the correct answer; keep all idealRank values unchanged. | F17: D1 | G17: K2 | H17: K1 | I17: D2 | J17: Text meaning is not evaluated in Version 1; original metadata still controls the result. | K17: Partial; text contradiction alone must not change quality. | M17: Not Run
A18: M-cargo_bay-06 | B18: cargo_bay | C18: Can we open the exterior cargo bay while the ship is moving at cruise speed? | D18: Blank key evidence text | E18: Temporarily clear K1 evidence text; keep idealRank=1. | F18: K1 | G18: K2 | H18: D1 | I18: D2 | J18: Scoring still recognizes K1 metadata, but the card should visibly expose missing content. | K18: Grounded; Trust 100; UI/content defect should be noted in Real Result. | M18: Not Run
A19: M-cargo_bay-07 | B19: cargo_bay | C19: Can we open the exterior cargo bay while the ship is moving at cruise speed? | D19: Long evidence text | E19: Replace K2 text with at least 180 characters; keep idealRank=2. | F19: K1 | G19: K2 | H19: D1 | I19: D2 | J19: Logic remains grounded; card text should wrap without clipping or overlapping controls. | K19: Grounded; Trust 100; no UI clipping, overflow, or unreadable text. | M19: Not Run
A20: M-reactor_restart-01 | B20: reactor_restart | C20: Should we restart the main reactor while the coolant temperature warning is active? | D20: Baseline metadata | E20: No edit. Keep K1=1, K2=2, D1=0, D2=0. | F20: K1 | G20: K2 | H20: D1 | I20: D2 | J20: Normal grounded control case. | K20: Grounded; Retrieval 100; Ranking 100; Trust 100. | M20: Not Run
A21: M-reactor_restart-02 | B21: reactor_restart | C21: Should we restart the main reactor while the coolant temperature warning is active? | D21: Swap key ideal ranks | E21: Set original K1 idealRank=2 and original K2 idealRank=1. | F21: K1 | G21: K2 | H21: D1 | I21: D2 | J21: Both metadata keys remain in the top two, but their ideal positions are reversed. | K21: Grounded; Retrieval 100; Ranking 70; Trust 94. | M21: Not Run
A22: M-reactor_restart-03 | B22: reactor_restart | C22: Should we restart the main reactor while the coolant temperature warning is active? | D22: Remove K2 key metadata | E22: Set original K2 idealRank from 2 to 0. | F22: K1 | G22: K2 | H22: D1 | I22: D2 | J22: Only idealRank 1 can be found even though all four cards are ranked. | K22: Partial; Retrieval 50; Ranking 50; Trust 54. | M22: Not Run
A23: M-reactor_restart-04 | B23: reactor_restart | C23: Should we restart the main reactor while the coolant temperature warning is active? | D23: False key duplicate (idealRank 1) | E23: Set D1 idealRank from 0 to 1. Keep K1=1 and K2=2. | F23: D1 | G23: K2 | H23: K1 | I23: D2 | J23: The first top-ranked idealRank 1 card is the distractor, exposing metadata dependence. | K23: Grounded false positive; expected metrics can reach Retrieval 100, Ranking 100, Trust 100 despite wrong evidence text. | M23: Not Run
A24: M-reactor_restart-05 | B24: reactor_restart | C24: Should we restart the main reactor while the coolant temperature warning is active? | D24: Contradictory wording only | E24: Change D1 text to contradict the correct answer; keep all idealRank values unchanged. | F24: D1 | G24: K2 | H24: K1 | I24: D2 | J24: Text meaning is not evaluated in Version 1; original metadata still controls the result. | K24: Partial; text contradiction alone must not change quality. | M24: Not Run
A25: M-reactor_restart-06 | B25: reactor_restart | C25: Should we restart the main reactor while the coolant temperature warning is active? | D25: Blank key evidence text | E25: Temporarily clear K1 evidence text; keep idealRank=1. | F25: K1 | G25: K2 | H25: D1 | I25: D2 | J25: Scoring still recognizes K1 metadata, but the card should visibly expose missing content. | K25: Grounded; Trust 100; UI/content defect should be noted in Real Result. | M25: Not Run
... A33: M-eva_thrusters-07 | B33: eva_thrusters | C33: Can we fire the maneuvering thrusters while a technician is working outside the ship? | D33: Long evidence text | E33: Replace K2 text with at least 180 characters; keep idealRank=2. | F33: K1 | G33: K2 | H33: D1 | I33: D2 | J33: Logic remains grounded; card text should wrap without clipping or overlapping controls. | K33: Grounded; Trust 100; no UI clipping, overflow, or unreadable text. | M33: Not Run
A34: M-antenna_storm-01 | B34: antenna_storm | C34: Can we extend the long-range antenna during the current micrometeor storm? | D34: Baseline metadata | E34: No edit. Keep K1=1, K2=2, D1=0, D2=0. | F34: K1 | G34: K2 | H34: D1 | I34: D2 | J34: Normal grounded control case. | K34: Grounded; Retrieval 100; Ranking 100; Trust 100. | L34: Working | M34: Run
A35: M-antenna_storm-02 | B35: antenna_storm | C35: Can we extend the long-range antenna during the current micrometeor storm? | D35: Swap key ideal ranks | E35: Set original K1 idealRank=2 and original K2 idealRank=1. | F35: K1 | G35: K2 | H35: D1 | I35: D2 | J35: Both metadata keys remain in the top two, but their ideal positions are reversed. | K35: Grounded; Retrieval 100; Ranking 70; Trust 94. | M35: Not Run
A36: M-antenna_storm-03 | B36: antenna_storm | C36: Can we extend the long-range antenna during the current micrometeor storm? | D36: Remove K2 key metadata | E36: Set original K2 idealRank from 2 to 0. | F36: K1 | G36: K2 | H36: D1 | I36: D2 | J36: Only idealRank 1 can be found even though all four cards are ranked. | K36: Partial; Retrieval 50; Ranking 50; Trust 54. | M36: Not Run
A37: M-antenna_storm-04 | B37: antenna_storm | C37: Can we extend the long-range antenna during the current micrometeor storm? | D37: False key duplicate (idealRank 1) | E37: Set D1 idealRank from 0 to 1. Keep K1=1 and K2=2. | F37: D1 | G37: K2 | H37: K1 | I37: D2 | J37: The first top-ranked idealRank 1 card is the distractor, exposing metadata dependence. | K37: Grounded false positive; expected metrics can reach Retrieval 100, Ranking 100, Trust 100 despite wrong evidence text. | M37: Not Run
A38: M-antenna_storm-05 | B38: antenna_storm | C38: Can we extend the long-range antenna during the current micrometeor storm? | D38: Contradictory wording only | E38: Change D1 text to contradict the correct answer; keep all idealRank values unchanged. | F38: D1 | G38: K2 | H38: K1 | I38: D2 | J38: Text meaning is not evaluated in Version 1; original metadata still controls the result. | K38: Partial; text contradiction alone must not change quality. | M38: Not Run
A39: M-antenna_storm-06 | B39: antenna_storm | C39: Can we extend the long-range antenna during the current micrometeor storm? | D39: Blank key evidence text | E39: Temporarily clear K1 evidence text; keep idealRank=1. | F39: K1 | G39: K2 | H39: D1 | I39: D2 | J39: Scoring still recognizes K1 metadata, but the card should visibly expose missing content. | K39: Grounded; Trust 100; UI/content defect should be noted in Real Result. | M39: Not Run
